;Wind Speed;Rotor Speed;Active Power;T Outside Nacelle Level;Pitch Angle;Air Density;Corrected Wind Speed
0;2,86;0,05;-23,628;7,44;45,01;1,23981659578961;2,871484559591996
1;2,66;0,4;-22,677;7,5;45,01;1,2395423891149293;2,670484540038907
2;1,49;0,0;-19,43;7,68;45,01;1,238720263258536;1,4955421335859957
3;2,94;0,74;-21,343;7,25;39,38;1,2406854631883792;2,9524951899523524
4;2,02;3,52;-27,661;7,12;2,42;1,241280432059313;2,0289093470198325
5;1,24;0,05;-21,184;7,46;45,0;1,2397251843883768;1,2449487214421384
6;1,3;0,0;-19,98;8,1;45,0;1,2368048284132014;1,3041625153416831
7;1,08;0,0;-22,472;8,15;45,0;1,2365770648514276;1,083391577578204
8;1,1;0,0;-21,615;8,01;45,0;1,2372149439843267;1,1036440882160174
9;1,06;0,0;-21,018;8,17;45,0;1,2364859750786346;1,0633026606741582
10;0,88;0,0;-20,503;8,32;45,0;1,2358030860547147;0,8825792940842697
11;0,83;0,0;-19,144;7,99;45,0;1,2373061054759127;0,8327700828119827
12;0,72;0,0;-19,011;7,96;45,0;1,2374428645832378;0,7224295780903088
13;1,13;0,0;-22,043;7,8;45,0;1,2381725893084847;1,1340359153261725
14;1,66;0,04;-21,294;7,76;45,0;1,2383551109706603;1,666010722116102
15;1,84;0,36;-21,244;7,7;45,0;1,2386289615489074;1,8467986011417288
16;2,05;0,5;-22,179;7,7;45,0;1,2386289615489074;2,0575745284459472
17;1,87;0,36;-21,187;7,73;45,0;1,2384920260379926;1,8768402786717437
18;2,16;0,13;-21,119;7,79;45,0;1,238218216323657;2,1677412966461307
19;1,43;0,0;-20,601;7,89;45,0;1,2377620480148046;1,434948766726525
20;1,47;0,0;-18,677;7,99;45,0;1,2373061054759127;1,4749060502814635
21;1,51;0,0;-18,742;7,89;45,0;1,2377620480148046;1,515225620809128
22;2,7;0,8;-22,339;7,8;38,74;1,2381725893084847;2,7096433375050144
23;4,27;6,51;214,613;7,71;1,63;1,238583314105659;4,285724539668289
24;4,11;6,48;149,45;7,81;1,51;1,2381269645587896;4,1246286393346105
25;4,68;6,48;223,465;7,75;1,46;1,2384007470563636;4,697003588123799
26;3,36;6,48;25,535;7,69;1,51;1,2386746112662463;3,372456266517436
27;4,4;6,48;218,439;7,77;1,51;1,2383094771538827;4,415877790980911
28;4,27;6,48;227,143;7,72;1,51;1,2385376689356409;4,285671892145871
29;4,36;6,48;261,779;7,73;1,49;1,2384920260379926;4,375948457223958
30;4,51;6,48;314,344;7,7;1,45;1,2386289615489074;4,526663962581084
31;4,54;6,48;348,052;7,71;1,41;1,238583314105659;4,556718831403755
32;4,5;6,48;352,064;7,72;1,22;1,2385376689356409;4,516516045586983
33;4,97;6,48;504,376;7,65;0,85;1,2388572328937013;4,9886700351449695
34;5,08;6,48;524,14;7,58;0,8;1,2391769084926845;5,099521807872571
35;5,02;6,48;457,515;7,64;1,08;1,2389028939943858;5,0389197681594835
36;4,94;6,48;460,455;7,7;1,0;1,2386289615489074;4,958252766108772
37;5,64;6,48;655,055;7,7;0,33;1,2386289615489074;5,6608391904561675
38;5,15;6,47;486,657;7,7;0,84;1,2386289615489074;5,169028693412991
39;4,58;6,48;355,722;7,7;1,3;1,2386289615489074;4,596922605015824
40;5,14;6,48;470,678;7,71;0,94;1,238583314105659;5,158928368593678
41;4,57;6,48;353,549;7,71;1,3;1,238583314105659;4,586829308263251
42;4,25;6,48;177,493;7,8;1,51;1,2381725893084847;4,265179327554189
43;3,25;6,48;1,94;7,93;1,51;1,2375796439553146;3,2610869902355932
44;3,58;6,48;52,813;7,94;1,51;1,2375340485782051;3,592168630405417
45;3,61;6,48;93,146;7,88;1,51;1,2378076546717682;3,622537531465211
46;3,4;6,48;11,182;7,93;1,51;1,2375796439553146;3,411598697477236
47;4,64;6,48;283,673;7,87;1,23;1,2378532635872985;4,6561719084027935
48;4,22;6,48;175,532;7,95;1,5;1,2374884554544685;4,2342920269341535
49;3,74;6,48;79,043;7,9;1,51;1,2377164436155428;3,7528968363550095
50;4,04;6,48;168,862;7,92;1,51;1,2376252415866635;4,0538317672142234
51;4,39;6,48;269,486;7,9;1,5;1,2377164436155428;4,405138265133286
52;4,19;6,48;198,263;8,0;1,5;1,2372605236060352;4,203932287021977
53;4,31;6,48;206,256;7,96;1,51;1,2374428645832378;4,3245437244017095
54;4,44;6,48;278,382;7,91;1,49;1,2376708414731177;4,455255965242644
55;4,92;6,48;415,413;7,94;1,09;1,2375340485782051;4,936723369160517
56;4,96;6,48;393,476;7,94;1,25;1,2375340485782051;4,976859331511416
57;4,6;6,48;387,508;8,06;1,23;1,2369870795679203;4,614955559312192
58;4,82;6,48;422,76;8,08;1,13;1,2368959495081306;4,835552072727638
59;5,11;6,48;485,454;8,08;0,9;1,2368959495081306;5,126487778348181
60;4,57;6,48;293,748;8,1;1,46;1,2368048284132014;4,5846328423934555
61;4,51;6,48;311,663;8,14;1,49;1,2366226130900622;4,524218523923574
62;4,26;6,48;255,041;8,19;1,51;1,2363948942393268;4,273168029899948
63;4,45;6,48;330,397;8,15;1,38;1,2365770648514276;4,463974555762044
64;4,59;6,48;333,866;8,17;1,39;1,2364859750786346;4,604301143862628
65;4,32;6,48;284,859;8,17;1,4;1,2364859750786346;4,3334599001060035
66;4,6;6,48;332,535;8,18;1,4;1,2364404335427315;4,61427564953758
67;4,58;6,48;339,516;8,22;1,34;1,2362582897153678;4,593987974526023
68;4,97;6,48;509,838;8,2;0,87;1,2363493571675466;4,985301496291712
69;5,51;6,48;633,001;8,19;0,44;1,2363948942393268;5,527031888438666
70;5,52;6,51;717,333;8,2;0,21;1,2363493571675466;5,536994820831036
71;5,5;6,48;688,698;8,2;0,26;1,2363493571675466;5,516933245393243
72;5,27;6,48;647,817;8,21;0,45;1,2363038223265186;5,286160229703794
73;5,83;6,67;925,906;8,2;0,02;1,2363493571675466;5,847949240116837
74;5,73;6,6;851,928;8,21;0,07;1,2363038223265186;5,7475708000384715
75;6,51;7,16;1219,913;8,16;0,0;1,236531518847909;6,530363497840315
76;6,0;6,85;1059,441;8,16;0,0;1,236531518847909;6,018768200774484
77;5,88;6,65;943,129;8,1;0,0;1,2368048284132014;5,89882737708392
78;5,92;6,68;971,213;8,11;0,0;1,2367592712253834;5,938882533938165
79;5,86;6,59;909,541;8,11;0,0;1,2367592712253834;5,878691156905009
80;5,58;6,49;751,338;8,11;0,13;1,2367592712253834;5,597798064083609
81;8,25;8,55;2646,217;7,76;0,0;1,2383551109706603;8,279872564733639
82;9,25;9,46;3541,544;7,32;0,02;1,24036525732998;9,2885138758937
83;6,52;7,23;1280,659;7,38;0,01;1,2400908851332584;6,546664293364492
84;6,32;6,93;1099,884;7,77;0,01;1,2383094771538827;6,342806281590763
85;6,02;6,66;955,424;7,76;0,01;1,2383551109706603;6,041797919963213
86;5,78;6,62;915,871;7,74;0,01;1,2384463854118541;5,801071417859095
87;6,13;6,6;915,396;7,76;0,01;1,2383551109706603;6,152196220826329
88;6,95;7,93;1702,897;7,8;0,04;1,2381725893084847;6,974822665059204
89;6,97;7,62;1504,695;7,72;0,05;1,2385376689356409;6,99558151949806
90;6,13;6,86;1061,951;7,74;0,05;1,2384463854118541;6,152347368767518
91;6,07;6,72;976,255;7,69;0,05;1,2386746112662463;6,092502838619296
92;5,75;6,53;848,909;7,64;0,05;1,2389028939943858;5,7716710491866605
93;5,76;6,49;785,344;7,72;0,09;1,2385376689356409;5,781140538351338
94;5,44;6,49;587,09;7,89;0,67;1,2377620480148046;5,458826077616991
95;5,91;6,66;949,471;8,19;0,01;1,2363948942393268;5,928268323171056
96;6,16;6,85;1060,203;8,23;0,0;1,2362127593332213;6,178737665841764
97;6,2;6,93;1104,415;8,28;0,0;1,2359851408269333;6,218477631681213
98;7,24;8,05;1839,649;8,11;0,0;1,2367592712253834;7,263092828667621
99;7,45;8,49;2113,234;7,84;0,0;1,2379901038939365;7,47624114228042
100;6,61;7,03;1148,916;7,99;0,0;1,2373061054759127;6,63206053902073
101;6,11;6,63;885,45;7,9;0,07;1,2377164436155428;6,131069430515804
102;6,85;7,3;1307,481;7,84;0,01;1,2379901038939365;6,874127761694077
103;6,18;6,77;942,688;7,98;0,15;1,237351689594827;6,200701581565766
104;7,0;7,89;1697,058;7,78;0,01;1,2382638456051691;7,025173827637365
105;6,96;7,8;1616,646;7,79;0,01;1,238218216323657;6,984944178081976
106;6,21;6,87;1033,121;7,9;0,07;1,2377164436155428;6,231414265712462
107;5,22;6,48;496,15;8,1;0,86;1,2368048284132014;5,2367141000642965
108;4,66;6,48;321,211;8,1;1,39;1,2368048284132014;4,674921016532495
109;4,7;6,48;319,613;8,12;1,43;1,2367137162761683;4,714933309356809
110;5,05;6,48;524,519;8,07;0,79;1,2369415134169828;5,066356392853224
111;5,1;6,48;523,58;8,07;0,81;1,2369415134169828;5,1165183373369185
112;5,46;6,48;608,786;8,2;0,51;1,2363493571675466;5,476810094517655
113;5,93;6,57;865,795;8,4;0,01;1,2354390830260007;5,946796938327949
114;6,45;7,01;1135,636;8,26;0,01;1,2360761815520593;6,46938153117106
115;7,54;8,34;2015,79;8,09;0,01;1,2368503878404937;7,564235466414801
116;8,06;9,16;2678,783;7,97;0,01;1,2373972759636462;8,087098462279624
117;7,46;8,05;1786,841;7,78;0,01;1,2382638456051691;7,48682810773925
118;5,66;6,56;642,944;7,81;0,57;1,2381269645587896;5,680145522781969
119;4,58;6,48;293,985;7,84;1,37;1,2379901038939365;4,596132138475748
120;5,47;6,58;672,181;7,82;0,61;1,2380813420737085;5,4894018335260215
121;5,61;6,53;809,54;7,55;0,11;1,239313946569544;5,63176611850631
122;5,16;6,48;544,554;7,66;0,72;1,238811574071404;5,17932014840199
123;6,22;6,96;1010,918;7,5;0,39;1,2395423891149293;6,244516480842857
124;6,67;7,41;1300,218;7,41;0,23;1,2399537301162984;6,697030818550022
125;3,69;6,48;92,65;7,72;1,5;1,2385376689356409;3,7035431573813264
126;2,54;6,48;-35,662;7,9;1,5;1,2377164436155428;2,5487588139951134
127;2,76;1,47;-19,297;7,99;39,73;1,2373061054759127;2,7692113597121355
128;2,96;0,79;-7,658;7,85;45,01;1,2379444881975181;2,9703895271019567
129;3,03;0,81;-7,633;7,9;45,01;1,2377164436155428;3,040448506458737
130;4,0;1,69;15,025;7,97;37,02;1,2373972759636462;4,013448368376984
131;5,73;6,89;806,296;7,52;0,7;1,239451005229048;5,7524437470804255
132;5,52;6,66;601,568;7,79;0,7;1,238218216323657;5,539783313651222
133;7,09;7,83;1665,598;7,92;0,02;1,2376252415866635;7,114274066720011
134;7,81;8,96;2483,904;7,94;0,02;1,2375340485782051;7,836546649012934
135;6,56;7,51;1430,523;7,99;0,02;1,2373061054759127;6,581893666562177
136;5,68;6,52;733,832;8,17;0,28;1,2364859750786346;5,6976972760653
137;6,68;7,25;1285,174;8,19;0,02;1,2363948942393268;6,700648460030905
138;7,52;8,55;2262,348;8,08;0,02;1,2368959495081306;7,544263814711998
139;8,03;9,27;2768,311;7,68;0,02;1,238720263258536;8,0598680085205
140;7,12;8,14;1850,559;7,71;0,02;1,238583314105659;7,146219841320426
141;6,16;6,73;970,284;7,87;0,03;1,2378532635872985;6,181469602534744
142;5,07;6,48;427,511;8,06;1,12;1,2369870795679203;5,086483627328874
143;4,4;6,48;274,5;8,14;1,41;1,2366226130900622;4,413871730657146
144;4,63;6,48;311,459;8,13;1,43;1,2366681635646852;4,6446538704084785
145;6,75;7,38;1281,833;7,52;0,26;1,239451005229048;6,776438969073799
146;3,27;5,14;39,278;7,64;12,0;1,2389028939943858;3,2823242314505006
147;2,72;0,56;-21,153;7,92;45,01;1,2376252415866635;2,7293124769363093
148;2,83;0,66;-19,323;8,07;45,01;1,2369415134169828;2,8391660577771534
149;3,28;0,76;-22,414;8,19;42,67;1,2363948942393268;3,290138764805594
150;5,02;6,36;366,542;8,19;1,54;1,2363948942393268;5,035517255891489
151;4,91;6,48;410,84;8,2;1,13;1,2363493571675466;4,925116769978332
152;4,71;6,48;350,165;8,17;1,41;1,2364859750786346;4,724675029976684
153;4,69;6,48;338,365;8,17;1,37;1,2364859750786346;4,704612715624342
154;4,62;6,48;323,453;8,21;1,36;1,2363038223265186;4,634167032491752
155;4,46;6,48;271,831;8,18;1,5;1,2364404335427315;4,4738411732473065
156;4,41;6,48;315,538;8,19;1,41;1,2363948942393268;4,423631692924595
157;4,02;6,48;179,074;8,19;1,51;1,2363948942393268;4,032426169060515
158;4,18;6,48;216,681;8,2;1,51;1,2363493571675466;4,192869266498865
159;4,57;6,48;358,597;8,17;1,11;1,2364859750786346;4,584238829510286
160;4,3;6,48;223,083;8,17;1,49;1,2364859750786346;4,31339758575366
161;3,79;6,48;50,716;8,27;1,51;1,2360306600771815;3,801341861957211
162;4,05;6,48;115,485;8,18;1,51;1,2364404335427315;4,0625687783972175
163;3,62;6,48;63,075;8,15;1,51;1,2365770648514276;3,631368065586202
164;3,17;6,48;16,075;8,14;1,51;1,2366226130900622;3,1799939514052618
165;2,55;1,92;-22,125;8,26;35,86;1,2360761815520593;2,557662465811814
166;2,54;0,57;-7,726;8,19;45,01;1,2363948942393268;2,547851360550674
167;5,11;2,44;66,896;7,93;31,52;1,2375796439553146;5,127432160031964
168;4,27;6,47;199,936;7,74;1,36;1,2384463854118541;4,285566601082756
169;2,69;2,68;-24,208;7,84;28,89;1,2379901038939365;2,699474989628769
170;2,66;0,04;-9,914;7,83;45,01;1,2380357218523785;2,6694021075290326
171;2,93;0,49;-10,048;7,86;45,01;1,2378988747622603;2,9402481147213386
172;3,42;2,19;-2,796;7,82;30,37;1,2380813420737085;3,432130579645154
173;3,98;6,48;160,438;7,83;1,46;1,2380357218523785;3,9940678150246427
174;5,1;6,48;500,384;7,68;0,89;1,238720263258536;5,118969718985623
175;5,24;6,47;467,631;7,66;0,97;1,238811574071404;5,259619685586517
176;5,04;6,48;452,419;7,67;1,03;1,2387659175266352;5,058808693437089
177;4,91;6,48;458,352;7,7;1,05;1,2386289615489074;4,928141919351026
178;4,67;6,48;346,395;7,74;1,36;1,2384463854118541;4,6870248306923825
179;5,69;6,53;694,483;7,64;0,39;1,2389028939943858;5,711444916499495
180;5,45;6,48;622,515;7,5;0,47;1,2395423891149293;5,471481482410542
181;5,09;6,48;514,854;7,5;0,82;1,2395423891149293;5,110062522104524
182;4,98;6,48;474,613;7,5;0,91;1,2395423891149293;4,9996289508999086
183;5,08;6,48;493,825;7,45;0,9;1,2397708889412395;5,100336470247278
184;6,24;6,61;903,314;7,28;0,05;1,2405482182480425;6,266289326618391
185;5,96;6,54;756,361;7,27;0,16;1,240593964250379;5,985183244681203
186;5,22;6,48;577,018;7,21;0,62;1,2408684888214416;5,242443099911247
187;5,5;6,52;708,789;7,15;0,35;1,241143096765376;5,524054380880068
188;5,37;6,49;650,161;7,18;0,45;1,2410057823603657;5,393286911902796
189;5,04;6,48;513,895;7,19;0,84;1,2409600155300655;5,061793646766429
190;4,89;6,48;441,989;7,13;1,04;1,2412346513055996;4,911507293340552
191;4,57;6,48;337,45;7,17;1,38;1,2410515515091203;4,589874150292296
192;4,55;6,48;358,443;7,15;1,12;1,241143096765376;4,569899533273511
193;5,3;6,49;627,444;7,18;0,52;1,2410057823603657;5,322983358116353
194;5,01;6,48;394,969;7,18;1,16;1,2410057823603657;5,031725778143949
195;4,49;6,47;290,747;7,16;1,34;1,241097322977175;4,509581682170072
196;4,18;6,48;232,116;7,21;1,49;1,2408684888214416;4,1979716777067075
197;4,61;6,48;331,636;7,16;1,35;1,241097322977175;4,630105023341655
198;4,32;6,49;349,381;7,25;0,99;1,2406854631883792;4,338360279113661
199;5,67;6,48;657,596;7,1;0,35;1,2413720005381677;5,695147955215757
200;5,14;6,48;479,308;7,09;0,95;1,2414177882649984;5,162860739941175
201;4,25;6,48;243,779;7,14;1,47;1,241188872874569;4,268639953812827
202;3,65;6,48;99,207;7,15;1,51;1,241143096765376;3,665963361856772
203;3,3;6,48;34,605;7,19;1,51;1,2409600155300655;3,314269649668495
204;3,45;6,48;95,404;7,17;1,5;1,2410515515091203;3,465003461380398
205;3,5;6,48;88,963;7,24;1,51;1,2407312161257402;3,5149184317901034
206;3,41;6,48;63,059;7,5;1,51;1,2395423891149293;3,4234407073431097
207;3,74;6,48;112,201;7,23;1,52;1,2407769713764722;3,7559875794992315
208;3,58;6,48;65,137;7,59;1,52;1,2391312337036566;3,5937133399109267
209;3,82;6,48;110,713;7,66;1,52;1,238811574071404;3,8343029005611626
210;4,16;6,48;178,796;7,43;1,52;1,2398623049343411;4,176756141774554
211;3,96;6,48;137,861;7,79;1,52;1,238218216323657;3,974192377184573
212;3,95;6,48;146,672;7,76;1,52;1,2383551109706603;3,964302621902773
213;3,86;6,48;155,469;8,0;1,52;1,2372605236060352;3,8728349947266896
214;4,42;6,48;273,839;7,96;1,45;1,2374428645832378;4,434914909943285
215;4,5;6,48;293,377;7,97;1,37;1,2373972759636462;4,515129414424107
216;4,83;6,48;413,056;7,52;1,16;1,239451005229048;4,848918551203918
217;4,53;6,48;250,386;7,73;1,44;1,2384920260379926;4,546570300739572
218;4,43;6,48;280,999;7,55;1,49;1,239313946569544;4,447187861850794
219;4,15;6,48;206,967;7,1;1,5;1,2413720005381677;4,168406351701128
220;3,94;6,48;149,789;6,85;1,51;1,2425173934650793;3,958691736834184
221;3,38;6,48;53,629;6,76;1,51;1,2429300932089802;3,396410997138678
222;4,03;6,48;152,528;6,71;1,51;1,2431594531876367;4,049816033938544
223;4,38;6,48;246,951;6,62;1,42;1,243572449770259;4,402024394781181
224;4,61;6,48;322,945;6,4;1,44;1,2445828048189873;4,634435348026723
225;4,82;6,48;437,571;6,26;1,12;1,2452263581675562;4,846383495609798
226;4,51;6,48;262,811;6,21;1,43;1,2454563123063682;4,534965752596324
227;4,39;6,48;271,452;6,12;1,38;1,2458703809855896;4,4147906191004616
228;3,94;6,47;132,506;6,08;1,51;1,2460544740499269;3,96244458729946
229;3,56;6,48;31,523;6,2;1,51;1,2455023103289524;3,579750960015716
230;3,88;6,48;81,793;6,16;1,51;1,2456863264294384;3,9017184607487514
231;3,8;6,48;81,219;6,04;1,51;1,2462386056749106;3,821835298420303
232;4,42;6,48;278,575;5,88;1,28;1,2469755188283993;4,446273929606302
233;4,11;6,48;213,682;5,77;1,47;1,247482506736378;4,134991429518134
234;3,16;5,45;17,684;5,8;9,75;1,2473442081285533;3,1790973325039023
235;3,03;0,64;-20,309;6,02;44,46;1,2463306859640222;3,047485829813833
236;3,61;5,91;62,342;6,0;3,62;1,2464227759129405;3,6309223761814
237;4,71;6,48;334,546;6,02;1,17;1,2463306859640222;4,737180943373979
238;4,78;6,48;364,633;5,94;1,29;1,2466991037839226;4,808058570310971
239;5,11;6,47;500,686;5,76;0,85;1,2475286111418837;5,141135403031082
240;4,04;6,48;191,741;5,94;1,46;1,2466991037839226;4,06371477490718
241;4,29;6,47;241,165;5,95;1,37;1,246653043089804;4,315129129619881
242;4,42;6,48;274,119;5,98;1,35;1,246514875528206;4,445726365114406
243;4,17;6,48;208,213;5,97;1,46;1,2465609289627622;4,194322906836866
244;3,77;6,48;103,394;5,97;1,49;1,2465609289627622;3,791989774286567
245;4,92;6,48;432,934;5,92;1,17;1,2467912324374357;4,949002270669238
246;5,14;6,48;509,431;5,89;0,78;1,2469294435931284;5,1704901616738
247;5,54;6,57;720,686;5,77;0,48;1,247482506736378;5,5736867444113045
248;4,96;6,47;426,61;5,78;1,08;1,2474364047661957;4,990098500452272
249;5,7;6,77;792,031;5,88;0,57;1,2469755188283993;5,733882669401792
250;6,06;6,57;858,366;5,89;0,07;1,2469294435931284;6,095947544697126
251;4,69;6,47;348,219;6,03;1,21;1,2462846446123999;4,7170074394478965
252;3,99;6,48;150,077;6,26;1,51;1,2452263581675562;4,011840279560808
253;4,16;6,48;175,161;6,33;1,51;1,2449045229508926;4,182410433794205
254;5,51;6,5;662,28;6,36;0,4;1,2447666294311028;5,539478506169322
255;6,06;6,67;932,488;6,15;0,02;1,245732336461205;6,093996127458241
256;5,72;6,64;829,717;6,1;0,28;1,2459624227009545;5,752442868296086
257;6,23;6,85;984,713;6,16;0,19;1,2456863264294384;6,2648726831094645
258;6,3;6,86;1038,732;6,1;0,04;1,2459624227009545;6,335732529766668
259;4,96;6,48;405,865;6,28;0,95;1,2451343932845873;4,987027044617653
260;4,6;6,48;291,111;6,31;1,44;1,2449964639101387;4,624894617916393
261;4,58;6,47;351,307;6,34;1,33;1,2448585560559107;4,604616350604713
262;5,13;6,57;548,236;6,36;0,82;1,2447666294311028;5,157445505743851
263;5,67;6,51;654,352;6,36;0,56;1,2447666294311028;5,700334506348468
264;6,59;7,32;1334,756;6,25;0,01;1,2452723442015132;6,6261536063096855
265;6,41;6,96;1092,599;6,25;0,07;1,2452723442015132;6,445166102647206
266;5,78;6,54;760,875;6,27;0,27;1,2451803745288554;5,811566761565869
267;5,34;6,49;608,18;6,34;0,58;1,2448585560559107;5,368701159875364
268;4,89;6,48;482,704;6,37;0,95;1,2447206696996256;4,916100999289149
269;5,68;6,57;769,096;6,39;0,37;1,2446287573943944;5,710177168473648
270;5,32;6,48;617,127;6,36;0,52;1,2447666294311028;5,348462005956588
271;5,32;6,5;637,882;6,4;0,53;1,2445828048189873;5,348198709653397
272;5,85;6,71;847,213;6,39;0,34;1,2446287573943944;5,881080358375149
273;6,48;7,06;1181,241;6,37;0,01;1,2447206696996256;6,5145878272788735
274;7,06;7,87;1683,544;6,27;0,01;1,2451803745288554;7,098557324680801
275;7,25;7,87;1671,896;6,13;0,01;1,24582436373846;7,290851460701827
276;6,7;7,25;1284,227;6,08;0,01;1,2460544740499269;6,7381671916006045
277;7,04;7,9;1700,625;6,0;0,01;1,2464227759129405;7,080801531389766
278;6,22;6,97;1129,209;6,0;0,01;1,2464227759129405;6,256049080290389
279;7,29;7,81;1647,872;5,92;0,02;1,2467912324374357;7,332972876662347
280;6,19;6,87;1007,834;6,0;0,14;1,2464227759129405;6,225875210128218
281;5,92;6,57;819,461;5,96;0,11;1,2466069848163561;5,954603693525983
282;6,25;6,71;987,278;5,9;0,01;1,2468833707834206;6,286997178246841
283;5,27;6,49;436,083;5,94;1,05;1,2466991037839226;5,300934867267534
284;3,75;6,47;88,911;6,11;1,51;1,245916400639481;3,7712229293121564
285;3,09;6,48;7,229;6,3;1,51;1,2450424379760532;3,1067609292383307
286;3,22;6,48;22,858;6,36;1,51;1,2447666294311028;3,237227003605303
287;3,14;6,47;10,282;6,42;1,69;1,244490906818457;3,15656590355885
288;2,82;0,79;-10,699;6,61;44,87;1,2436183500956004;2,8342149592742936
289;4,97;4,15;294,37;6,62;17,32;1,243572449770259;4,994991151155815
290;5,18;6,52;465,451;6,61;1,04;1,2436183500956004;5,206111166326539
291;8,41;9,08;2647,207;5,77;0,0;1,247482506736378;8,461138180595501
292;7,9;8,57;2206,052;5,55;0,0;1,2484973676530156;7,950191784804223
293;7,27;7,94;1732,2;5,38;0,0;1,249282391126024;7,317722238903116
294;6,28;6,95;1118,599;5,38;0,0;1,249282391126024;6,321223612147397
295;5,46;6,6;725,501;5,7;0,49;1,2478052887621627;5,493674034918262
296;4,41;6,48;210,887;5,89;1,43;1,2469294435931284;4,436159846883553
297;5,91;6,73;875,41;6,03;0,29;1,2462846446123999;5,9440328288138735
298;5,59;6,65;808,891;6,03;0,33;1,2462846446123999;5,6221901037342725
299;6,07;6,75;949,593;6,15;0,09;1,245732336461205;6,104052226678469
300;5,78;6,63;840,887;6,27;0,21;1,2451803745288554;5,811566761565869
301;4,68;6,48;306,159;6,43;1,29;1,24444496139168;4,704632684086862
302;5,26;6,48;416,127;6,5;1,11;1,2441234100320793;5,287229986144233
303;6,58;7,15;1219,057;6,39;0,07;1,2446287573943944;6,614958762069826
304;6,94;7,53;1477,261;6,36;0,01;1,2447666294311028;6,9771290077704355
305;8,36;8,89;2629,204;6,15;0,01;1,245732336461205;8,406898948110708
306;8,86;9,75;3376,892;5,48;0,01;1,2488205265272558;8,917060265692797
307;8,13;9,04;2583,422;5,37;0,01;1,2493285911401306;8,183468386417532
308;7,92;8,73;2340,265;5,37;0,01;1,2493285911401306;7,972087284185344
309;7,49;8,2;1916,863;5,48;0,02;1,2488205265272558;7,5382371772053105
310;7,14;7,79;1624,631;5,59;0,02;1,24831275942579;7,185009037608228
311;8,1;8,87;2501,38;5,46;0,02;1,2489128797510634;8,152366657997144
312;7,47;8,31;1991,591;5,17;0,02;1,25025311068865;7,520982073145716
313;6,89;7,7;1572,003;5,07;0,02;1,250715742607685;6,9378791572076475
314;6,34;6,94;1100,164;5,18;0,04;1,2502068611698878;6,383191214325418
315;7,29;7,62;1532,186;4,83;0,02;1,2518270773010995;7,342832348064749
316;6,32;6,94;998,724;4,94;0,29;1,2513175367160774;6,364938705429229
317;6,24;6,96;1070,147;4,76;0,13;1,252151488505183;6,2857656425678305
318;4,44;6,47;269,141;4,81;1,27;1,2519197536514326;4,472288086386255
319;3,09;6,48;-37,396;5,28;1,51;1,249744502406244;3,110667044722726
320;3,05;1,53;-23,68;5,46;36,67;1,2489128797510634;3,0697183094927514
321;7,64;8,0;2326,711;5,81;2,9;1,2472981134594685;7,686077351677322
322;8,62;9,42;3068,952;5,93;0,03;1,246745166899528;8,670706132425536
323;7,82;8,73;2360,21;6,03;0,03;1,2462846446123999;7,86503159413274
324;8,22;9,15;2679,041;5,98;0,03;1,246514875528206;8,267844054579282
325;8,17;9,01;2588,497;5,99;0,03;1,2464688245118714;8,217451835180578
326;8,67;9,5;3060,505;6,02;0,03;1,2463306859640222;8,720033711051464
327;8,72;9,82;3347,286;6,01;0,03;1,2463767297305968;8,770430256781443
328;8,85;9,93;3521,213;6,02;0,03;1,2463306859640222;8,901072473218623
329;9,57;9,94;3873,922;5,7;0,03;1,2478052887621627;9,629022072191898
330;7,64;8,33;2018,218;5,69;0,03;1,247851410237653;7,687213688724581
331;8,28;8,92;2563,362;6,0;0,03;1,2464227759129405;8,327988164759553
332;9,44;9,84;3957,478;5,94;0,02;1,2466991037839226;9,495412741367272
333;9,19;9,93;4199,974;5,98;0,04;1,246514875528206;9,243489885837418
334;9,19;9,69;4072,764;5,85;0,04;1,2471137590957366;9,244969982598105
335;8,26;9,12;2769,278;5,85;0,03;1,2471137590957366;8,30940718784117
336;8,96;9,64;3259,723;5,93;0,03;1,246745166899528;9,01270614228919
337;8,6;9,72;3356,491;6,0;0,03;1,2464227759129405;8,649842779822725
338;8,79;9,42;3172,53;6,07;0,03;1,2461005033390642;8,840181926255063
339;9,13;9,89;3666,667;5,98;0,02;1,246514875528206;9,183140659161658
340;9,22;10,07;4159,868;5,48;0,01;1,2488205265272558;9,279378741499729
341;8,29;9,0;2560,027;5,32;0,01;1,2495596282410053;8,345035004397703
342;7,5;8,07;1867,605;5,53;0,01;1,2485896864821873;7,54783645839291
343;9,23;9,7;3845,448;5,94;0,06;1,2466991037839226;9,284180042671602
344;9,91;10,09;4826,015;5,93;0,07;1,246745166899528;9,968294405143512
345;9,54;10,02;4491,247;5,91;0,0;1,2468373003984614;9,596354299884396
346;9,78;10,03;4674,413;5,92;0,04;1,2467912324374357;9,837650855110804
347;9,7;10,04;4758,12;5,91;0,08;1,2468373003984614;9,75729944537512
348;10,78;10,09;5752,415;5,78;0,98;1,2474364047661957;10,84541569251522
349;10,55;10,1;5820,097;5,73;0,76;1,2476669389784605;10,614673801868792
350;9,62;9,97;4535,331;5,8;0,07;1,2473442081285533;9,678138081863144
351;10,09;10,09;4864,067;5,85;0,19;1,2471137590957366;10,150353332362883
352;10,63;10,11;5513,636;5,66;1,12;1,247989789318235;10,696086644880843
353;11,54;10,11;6343,548;5,44;3,65;1,2490052428164085;11,614892636554163
354;11,37;10,11;6351,661;5,41;3,33;1,2491438058813895;11,444212536345571
355;11,18;10,11;6301,567;5,31;2,78;1,249605843072865;11,254359654318337
356;11,14;10,11;6083,965;5,31;2,21;1,249605843072865;11,214093609043495
357;9,69;9,89;4436,117;5,35;0,19;1,2494209985720044;9,753968477427406
358;9,57;9,97;4235,08;5,33;0,02;1,2495134158807768;9,633413808229651
359;10,07;10,1;5073,858;5,26;0,22;1,2498369543346746;10,137601795016016
360;10,12;10,1;5201,002;5,17;0,09;1,25025311068865;10,189068083030072
361;10,63;10,1;5382,578;5,09;0,14;1,250623196316533;10,703604698005446
362;10,32;10,09;5258,073;4,96;0,71;1,251224925529455;10,393124509766817
363;9,59;10,04;4088,001;5,06;-0,01;1,2507620194902709;9,656760769784627
364;9,78;10,03;4716,822;5,07;0,06;1,250715742607685;9,84796199673306
365;9,89;10,1;4664,872;5,04;0,03;1,2508545807334421;9,959094877745098
366;9,47;10,05;4336,243;5,01;0,06;1,250993441305135;9,536513480817327
367;9,73;10,07;4483,457;4,96;0,06;1,251224925529455;9,798943941863483
368;9,19;9,96;4006,122;5,03;0,06;1,25090086509562;9,254318582048352
369;9,59;10,07;4398,846;4,93;0,03;1,2513638460618985;9,658309362629595
370;9,66;10,1;4514,529;4,86;0,0;1,2516880816035107;9,729648161848017
371;10,25;10,07;4806,631;4,87;0,04;1,2516417547219258;10,323774665738334
372;9,92;10,09;4792,388;4,85;0,04;1,2517344109933737;9,991646022364593
373;9,29;9,87;3997,96;4,84;0,01;1,2517807428923062;9,357211369080998
374;9,57;9,82;4264,156;4,98;0,02;1,251132324344234;9,63757246295178
375;10,67;10,11;5630,345;4,85;0,2;1,2517344109933737;10,747062808329659
376;10,53;10,11;5535,74;4,8;0,14;1,2519660955945542;10,606705995664043
377;9,96;9,93;4315,992;4,83;3,08;1,2518270773010995;10,032182467314803
378;9,96;9,74;3249,524;4,81;6,35;1,2519197536514326;10,032430031623223
379;9,85;9,72;3239,157;4,61;6,29;1,252847070888306;9,92407920099239
380;9,87;9,74;3252,746;4,6;6,24;1,2528934632418163;9,944352357522156
381;9,28;9,79;3305,993;4,74;4,8;1,252244200054441;9,348292434920651
382;9,95;9,74;3250,45;4,83;6,47;1,2518270773010995;10,02210999495806
383;10,79;9,72;3233,882;4,89;8,34;1,2515491084804224;10,867393183822333
384;10,93;9,72;3232,729;4,9;9,17;1,2515027891189199;11,008261551366058
385;10,82;9,72;3234,849;4,91;8,74;1,2514564722625265;10,89733948717689
386;10,86;9,72;3233,81;4,88;8,84;1,251595430347827;10,938030212636997
387;11,46;9,72;3234,004;4,97;9,96;1,2511786236870661;11,54105985394387
388;12,0;9,72;3232,4;5,05;10,43;1,2508082988652578;12,083687013225447
389;11,31;9,72;3233,309;5,06;9,47;1,2507620194902709;11,388734547055698
390;11,62;9,72;3233,687;5,2;9,91;1,2501143695800654;11,698872672173513
391;11,03;9,72;3232,194;5,04;8,88;1,2508545807334421;11,107059302480124
392;10,9;9,72;3233,733;5,13;8,66;1,250438133608002;10,974932846420526
393;10,74;9,72;3232,305;5,22;8,64;1,2500218879151856;10,812632879105308
394;11,03;9,73;3233,531;5,26;9,23;1,2498369543346746;11,104046454719628
395;12,4;9,73;3235,308;5,37;11,21;1,2493285911401306;12,481550798472004
396;12,44;9,73;3234,609;5,3;11,47;1,2496520603771566;12,522894465198288
397;12,63;9,73;3233,725;5,33;12,21;1,2495134158807768;12,713690323713742
398;13,34;9,73;3233,661;5,36;12,71;1,2493747936218564;13,427898400554596
399;13,65;9,72;3231,143;5,32;13,28;1,2495596282410053;13,740618553682589
400;14,13;9,73;3232,488;5,36;13,94;1,2493747936218564;14,223103778098684
401;13,68;9,72;3232,045;5,41;13,28;1,2491438058813895;13,769290017344538
402;14,71;9,72;3232,058;5,36;14,51;1,2493747936218564;14,806925447688014
403;13,35;9,73;3232,244;5,48;13,02;1,2488205265272558;13,435976811173685
404;14,45;9,73;3232,617;5,53;14,05;1,2485896864821873;14,542164909837005
405;13,11;9,72;3232,15;5,47;12,59;1,2488667019093698;13,194593780851816
406;13,52;9,73;3232,974;5,56;13,13;1,24845121191853;13,605730171637022
407;14,2;9,73;3232,124;5,62;13,9;1,2481743289821643;14,288985545449439
408;14,64;9,73;3234,312;5,66;14,63;1,247989789318235;14,731016790315666
409;15,12;9,72;3232,356;5,58;15,08;1,2483589078057247;15,215500750097377
410;14,26;9,73;3233,142;5,56;13,71;1,24845121191853;14,350422503516564
411;15,35;9,73;3233,453;5,61;15,52;1,2482204700148176;15,446382451156536
412;14,91;9,72;3231,604;5,72;14,89;1,2477130531333769;15,001586369695056
413;14,5;9,73;3234,093;5,44;13,96;1,2490052428164085;14,594102532932009
414;13,48;9,73;3231,679;5,25;12,71;1,249883184013146;13,570661078983225
415;14,8;9,73;3232,079;5,49;14,87;1,2487743536039162;14,895131538294809
416;14,5;9,73;3232,927;5,51;14,37;1,2486820151303375;14,592843497659045
417;14,83;9,73;3233,046;5,45;14,81;1,2489590600531413;14,926060205393412
418;14,47;9,72;3231,713;5,49;14,14;1,2487743536039162;14,5630103621031
419;13,68;9,73;3233,003;5,68;13,33;1,247897534154955;13,764709283227127
420;14,82;9,73;3233,187;5,54;14,65;1,248543525840632;14,914341041739949
421;15,7;9,73;3232,96;5,35;15,75;1,2494209985720044;15,803643456719326
422;15,51;9,72;3232,018;5,32;15,69;1,2495596282410053;15,612966576382194
423;15,18;9,72;3232,181;5,35;15,06;1,2494209985720044;15,280210679808878
424;14,45;9,72;3231,997;5,3;14,3;1,2496520603771566;14,546288185057497
425;15,58;9,73;3231,676;5,27;15,43;1,2497907271326407;15,68439808089201
426;15,84;9,72;3233,553;5,26;15,9;1,2498369543346746;15,9463368851096
427;15,54;9,73;3233,554;5,23;15,66;1,2499756508026014;15,644901599652222
428;15,23;9,72;3230,296;5,29;15,19;1,2496982801546825;15,33167476303373
429;15,28;9,73;3232,502;5,29;15,2;1,2496982801546825;15,382008560679933
430;15,32;9,72;3230,673;5,22;15,21;1,2500218879151856;15,4236066767126
431;15,22;9,72;3231,431;5,2;14,92;1,2501143695800654;15,323308267683382
432;14,99;9,72;3233,072;5,1;14,77;1,2505769269063738;15,093608250983147
433;14,1;9,72;3231,632;5,24;13,71;1,249929416168855;14,195005966802517
434;15,02;9,76;3268,71;5,25;14,69;1,249883184013146;15,121018501953117
435;15,35;9,82;3339,808;5,19;15,14;1,250160614133959;15,454381223643415
436;15,01;9,83;3339,369;5,16;14,74;1,2502993626910441;15,112628244768507
437;15,96;9,83;3341,433;5,13;15,5;1,250438133608002;16,06971818613501
438;15,91;9,83;3342,382;5,09;15,61;1,250623196316533;16,020164698519906
439;15,96;9,75;3261,062;4,9;15,87;1,2515027891189199;16,07427761754824
440;15,07;9,71;3230,91;4,87;15,15;1,2516417547219258;15,178466752456261
441;14,59;9,72;3230,562;4,88;14,14;1,251595430347827;14,694830644785801
442;14,91;9,72;3232,623;4,9;14,36;1,2515027891189199;15,016759353235857
443;15,13;9,72;3229,627;5,02;14,44;1,2509471519525854;15,23607912331948
444;15,18;9,72;3231,549;5,0;15,04;1,251039733154063;15,286806783446176
445;16,07;9,73;3231,83;4,98;15,96;1,251132324344234;16,18346807519698
446;15,95;9,71;3230,249;4,84;15,82;1,2517807428923062;16,065395192340358
447;14,69;9,72;3232,056;4,85;14,47;1,2517344109933737;14,796096781102406
448;15,03;9,72;3232,229;4,77;14,57;1,2521051365052245;15,140046768878163
449;14,97;9,71;3231,188;4,83;14,67;1,2518270773010995;15,078491118042429
450;13,44;9,72;3231,506;4,94;12,66;1,2513175367160774;13,535565854583677
451;14,51;9,71;3231,114;4,88;14,01;1,251595430347827;14,61425583658958
452;14,13;9,72;3233,728;4,9;13,72;1,2515027891189199;14,231174356889515
453;14,9;9,72;3232,855;4,72;14,92;1,2523369216747486;15,010021019846512
454;13,8;9,71;3229,981;4,59;13,58;1,2529398581241158;13,90412932347067
455;13,55;9,72;3232,562;4,76;13,06;1,252151488505183;13,649378919358028
456;14,71;9,72;3232,356;4,69;14,25;1,252476023002233;14,819166698393012
457;14,19;9,71;3229,39;4,63;14,07;1,252754293764507;14,29636625997133
458;13,92;9,72;3233,226;4,63;13,43;1,252754293764507;14,024342377646295
459;14,72;9,81;3328,875;4,6;14,41;1,2528934632418163;14,830888217094849
460;13,87;9,78;3302,843;4,64;13,42;1,2527079089926454;13,973795114703144
461;13,72;9,72;3233,19;4,69;13,11;1,252476023002233;13,821819653429783
462;13,87;9,72;3231,515;4,65;13,09;1,2526615267464263;13,973622649916969
463;13,84;9,72;3232,318;4,7;13,41;1,2524296533724173;13,942538138155735
464;14,15;9,71;3231,503;4,46;13,94;1,2535432220711487;14,259058407372795
465;13,81;9,71;3232,447;4,42;13,22;1,253728958788744;13,917125218704953
466;13,29;9,71;3228,917;4,42;12,24;1,253728958788744;13,393091539217147
467;13,92;9,72;3232,639;4,36;13,3;1,254007640167924;14,029017809089307
468;13,63;9,71;3232,304;4,43;12,9;1,2536825207969438;13,735559352945975
469;13,74;9,72;3234,055;4,27;13,49;1,254425834252045;13,849147253108265
470;13,68;9,71;3231,563;4,27;13,71;1,254425834252045;13,788670627548841
471;13,99;9,71;3230,989;4,3;13,47;1,2542864132605211;14,100610758223695
472;13,15;9,72;3230,96;4,35;12,51;1,2540540959764803;13,253151024081275
473;14,12;9,71;3230,328;4,22;13,59;1,254658253673977;14,233044803679892
474;13,09;9,71;3231,182;4,14;12,66;1,2550302578320578;13,196102567580619
475;13,09;9,71;3232,133;4,19;12,37;1,2547977360230371;13,195287561690966
476;12,3;9,71;3232,373;4,23;11,53;1,2546117646756827;12,398320736970762
477;13,17;9,71;3232,983;4,19;12,73;1,2547977360230371;13,2759310303644
478;13,1;9,71;3230,898;4,1;12,29;1,2552163214397511;13,206836215949624
479;13,5;9,71;3231,669;4,07;12,8;1,2553558961050701;13,610602833286348
480;13,33;9,71;3234,07;3,98;12,57;1,2557747589734014;13,440704602524642
481;13,15;9,71;3231,582;4,02;12,26;1,2555885719608246;13,25855439355872
482;13,05;9,72;3234,41;4,02;12,12;1,2555885719608246;13,157728884862458
483;12,87;9,7;3229,24;4,06;12,03;1,2554024261327985;12,975601678231204
484;12,93;9,71;3232,256;4,0;11,77;1,255681660315948;13,037060444326503
485;12,69;9,72;3233,831;4,12;11,4;1,2551232845033387;12,793176393661053
486;13,08;9,71;3233,936;4,04;12,03;1,2554954939018397;13,187650650043205
487;12,81;9,71;3233,778;3,92;11,94;1,256054116821613;12,917343759264915
488;12,16;9,71;3233,191;3,82;10,66;1,2565199198588692;12,26341253672255
489;12,29;9,71;3232,746;3,88;10,83;1,2562404070121094;12,393598976739307
490;13,14;9,71;3233,607;3,75;12,31;1,2568461360129861;13,252893472263716
491;12,19;9,71;3235,214;3,79;10,62;1,2566597112297984;12,294123551118284
492;12,44;9,7;3230,59;3,76;11,57;1,2567995259268154;12,54672425826503
493;12,03;9,71;3234,063;3,73;10,76;1,2569393639706896;12,133656803402218
494;12,5;9,71;3233,726;3,65;11,32;1,2573123797190033;12,608953622906844
495;11,69;9,64;3232,889;3,69;9,31;1,2571258510490602;11,791310270233062
496;12,45;9,7;3232,201;3,6;11,26;1,2575455991193794;12,559294255320298
497;11,85;9,8;3389,72;3,68;10,09;1,257172479315417;11,952844672978495
498;11,46;10,11;3877,205;3,57;8,04;1,257685562029964;11,561032263432935
499;11,62;10,11;3876,997;3,58;8,49;1,2576389051187857;11,7222978767247
500;11,51;10,11;3877,392;3,48;8,66;1,2581055917125337;11,612765552728119
501;10,9;10,0;3878,748;3,53;7,12;1,257872215769036;10,996639211031038
502;10,64;10,11;3879,265;3,57;6,14;1,257685562029964;10,733803078789391
503;11,2;10,11;3882,335;3,52;7,91;1,257918885731218;11,299438747458549
504;10,5;10,11;3899,002;3,57;5,84;1,257685562029964;10,592568827752688
505;11,21;10,11;3877,26;3,51;7,74;1,2579655583058948;11,309667402822056
506;11,11;10,11;3880,761;3,51;6,91;1,2579655583058948;11,20877830913051
507;10,25;10,11;3878,793;3,49;5,4;1,2580589112957885;10,341387900455825
508;10,65;10,11;3890,484;3,5;6,27;1,2580122334938302;10,74482136577054
509;10,65;10,09;3847,148;3,5;6,18;1,2580122334938302;10,74482136577054
510;9,94;10,11;3854,208;3,81;3,93;1,2565665143920075;10,02465685438829
511;10,66;10,11;3856,14;3,69;7,2;1,2571258510490602;10,752383873454615
512;10,27;10,1;3829,434;3,77;5,54;1,2567529184347397;10,357979524378774
513;9,92;10,1;3792,107;3,87;4,9;1,256286986019938;10,003744617303898
514;10,98;10,1;3758,07;3,74;7,49;1,2568927486940213;11,074472544226262
515;10,79;10,1;3755,176;3,81;7,2;1,2565665143920075;10,881896122620688
516;10,88;10,1;3763,048;3,86;7,72;1,2563335676133913;10,971984541036065
517;11,29;10,09;3755,267;3,86;8,22;1,2563335676133913;11,3854508702479
518;11,28;10,1;3755,222;3,99;8,07;1,2557282083564967;11,373538973989525
519;11,28;10,09;3754,391;3,86;8,3;1,2563335676133913;11,375366325632976
520;11,11;10,1;3756,084;3,84;7,85;1,256426738560256;11,204206025173749
521;10,41;10,09;3758,031;3,82;6,32;1,2565199198588692;10,498529975927775
522;10,35;10,1;3755,354;3,79;6,19;1,2566597112297984;10,438406788685336
523;10,44;9,62;3180,275;3,85;7,68;1,2563801517932403;10,528394703853
524;10,7;9,36;2891,114;3,87;8,83;1,256286986019938;10,790329375519324
525;10,44;9,37;2884,969;3,95;7,06;1,2559144262899875;10,527093625271462
526;10,93;9,36;2890,002;3,85;9,27;1,2563801517932403;11,022543497424644
527;10,32;9,37;2890,46;4,0;7,8;1,255681660315948;10,405449635378925
528;10,56;9,36;2890,228;4,07;8,51;1,2553558961050701;10,646515994037323
529;10,96;9,37;2889,565;4,09;9,61;1,2552628437593218;11,049520088976095
530;11,06;9,37;2891,317;4,17;9,97;1,2548907370586702;11,149234977382571
531;11,98;9,36;2889,408;4,13;11,43;1,2550767698849452;12,07725452192016
532;11,75;9,37;2890,012;4,17;10,87;1,2548907370586702;11,84480207814152
533;11,54;9,36;2888,305;4,18;10,72;1,2548442352600426;11,632964047452578
534;11,63;9,37;2889,126;4,25;10,68;1,2545187943515135;11,722675478971615
535;11,29;9,37;2889,76;4,26;9,72;1,254472313024081;11,379825587078995
536;11,38;9,37;2891,104;4,24;10,24;1,254565278235121;11,470824988028772
537;11,93;9,37;2889,718;4,34;10,74;1,254100554333413;12,023729594685145
538;12,7;9,36;2887,744;4,32;12,63;1,2541934786955307;12,800095331173077
539;11,61;9,37;2890,082;4,27;11,55;1,254425834252045;11,702227045748687
540;11,94;9,37;2890,497;4,25;11,49;1,2545187943515135;12,035145762589945
541;11,78;9,37;2890,243;4,27;11,38;1,254425834252045;11,873577484833724
542;12,17;9,37;2890,954;4,32;11,52;1,2541934786955307;12,265918124439084
543;11,35;9,37;2890,398;4,44;10,26;1,2536360853472663;11,437760370033457
544;12,07;9,37;2890,237;4,31;11,9;1,2542399447022767;12,165280203705981
545;12,5;9,37;2891,746;4,3;12,23;1,2542864132605211;12,598830198555838
546;11,85;9,36;2888,938;4,23;11,16;1,2546117646756827;11,944723636837685
547;11,91;9,37;2888,929;4,28;11,4;1,2543793580346256;12,004461915607731
548;12,23;9,37;2889,766;4,28;12,06;1,2543793580346256;12,32699993517066
549;11,73;9,37;2890,001;4,32;10,92;1,2541934786955307;11,822450254697655
550;12,24;9,36;2888,672;4,25;11,87;1,2545187943515135;12,337536359639945
551;12,07;9,37;2891,529;4,34;11,79;1,254100554333413;12,16482952287089
552;12,36;9,36;2889,192;4,34;11,96;1,254100554333413;12,457107945541358
553;11,72;9,37;2890,429;4,32;11,4;1,2541934786955307;11,812371439476259
554;12,18;9,37;2891,044;4,38;11,97;1,2539147361928173;12,27508743202354
555;12,16;9,37;2890,708;4,42;11,53;1,253728958788744;12,254326043407113
556;12,5;9,36;2889,153;4,35;12,18;1,2540540959764803;12,598052304259767
557;12,55;9,38;2891,733;4,48;12,38;1,2534503689541268;12,646414448611132
558;12,69;9,37;2888,224;4,46;12,92;1,2535432220711487;12,787805737778145
559;12,15;9,37;2889,454;4,59;11,69;1,2529398581241158;12,241679078273089
560;12,67;9,37;2889,962;4,54;12,57;1,2531718704949488;12,766390697505928
561;13,19;9,37;2888,109;4,54;13,5;1,2531718704949488;13,290346748232295
562;13,23;9,37;2890,303;4,61;13,39;1,252847070888306;13,329499271992825
563;13,13;9,37;2890,604;4,68;12,62;1,2525223951537539;13,227604355414362
564;12,87;9,37;2888,464;4,63;12,48;1,252754293764507;12,966471724160044
565;13,09;9,37;2889,625;4,62;13,34;1,2528006810627985;13,1882835891279
566;13,46;9,37;2891,078;4,58;13,71;1,2529862555359899;13,561731215020583
567;13,4;9,37;2889,668;4,58;13,64;1,2529862555359899;13,501277732635646
568;13,87;9,37;2890,034;4,52;14,31;1,2532646931722993;13,975865093287466
569;13,24;9,37;2889,868;4,57;13,34;1,2530326554782247;13,340233111759888
570;13,45;9,37;2889,666;4,53;13,62;1,2532182805664807;13,55249207083878
571;13,5;9,37;2888,884;4,5;13,34;1,2533575259899337;13,603376869903638
572;13,24;9,37;2889,773;4,58;13,05;1,2529862555359899;13,340068446275817
573;13,65;9,37;2890,926;4,51;13,91;1,2533111083131885;13,754355701611518
574;13,63;9,37;2888,705;4,54;13,69;1,2531718704949488;13,733694175769992
575;13,73;9,37;2890,485;4,58;13,36;1,2529862555359899;13,833771885752792
576;13,53;9,37;2888,509;4,62;13,16;1,2528006810627985;13,63158723918262
577;13,2;9,37;2888,001;4,67;13,11;1,2525687698277679;13,298288832856276
578;13,49;9,37;2889,333;4,61;13,39;1,252847070888306;13,591454662069781
579;13,12;9,37;2888,097;4,69;12,96;1,252476023002233;13,217366898906613
580;13,71;9,37;2890,153;4,63;13,5;1,252754293764507;13,812768246949046
581;13,78;9,37;2890,409;4,52;13,73;1,2532646931722993;13,885178153244505
582;13,65;9,37;2891,223;4,46;13,54;1,2535432220711487;13,755204753402024
583;13,69;9,37;2889,579;4,58;13,21;1,2529862555359899;13,793469564162834
584;13,61;9,37;2890,091;4,53;13,6;1,2532182805664807;13,713711307369204
585;13,44;9,37;2890,223;4,58;13,52;1,2529862555359899;13,541580054225602
586;13,89;9,36;2887,398;4,47;14,12;1,253496794243142;13,996881700911183
587;13,46;9,37;2888,825;4,56;13,24;1,253079057951606;13,562066023254545
588;12,99;9,37;2888,024;4,47;12,58;1,253496794243142;13,089956320722553
589;13,37;9,37;2887,85;4,46;13,44;1,2535432220711487;13,47304670717839
590;13,63;9,36;2886,165;4,43;13,54;1,2536825207969438;13,735559352945975
591;13,37;9,37;2889,928;4,53;13,23;1,2532182805664807;13,471882452573567
592;13,38;9,37;2889,336;4,54;13,43;1,2531718704949488;13,481792228305393
593;13,89;9,37;2888,604;4,36;13,94;1,254007640167924;13,998782856914547
594;13,46;9,36;2888,361;4,37;13,26;1,2539611869069636;13,565247701975098
595;13,44;9,38;2891,495;4,45;13,27;1,2535896524389287;13,543753431669716
596;13,91;9,36;2888,178;4,44;14,08;1,2536360853472663;14,017554779485938
597;13,62;9,37;2888,162;4,57;13,88;1,2530326554782247;13,723109892913117
598;13,66;9,37;2889,063;4,67;13,52;1,2525687698277679;13,761714049758844
599;14,07;9,37;2888,479;4,63;14,29;1,252754293764507;14,17546675671576
600;14,3;9,37;2888,063;4,55;14,47;1,2531254629569188;14,408613530362212
601;14,35;9,37;2889,267;4,35;14,91;1,2540540959764803;14,462564045290211
602;14,69;9,37;2891,145;4,36;15,15;1,254007640167924;14,805048248241517
603;14,16;9,36;2887,131;4,43;14,22;1,2536825207969438;14,269664008636465
604;14,11;9,37;2889,812;4,44;14,03;1,2536360853472663;14,219101217724413
605;14,7;9,37;2889,103;4,25;15,0;1,2545187943515135;14,817139255449932
606;14,51;9,36;2889,231;4,26;14,75;1,254472313024081;14,625444576485053
607;13,78;9,37;2890,03;4,31;13,68;1,2542399447022767;13,888778890395063
608;13,16;9,37;2890,115;4,33;13,04;1,254147015239503;13,263557037936653
609;13,79;9,37;2888,092;4,33;13,71;1,254147015239503;13,898514555710216
610;13,83;9,37;2890,886;4,31;14,01;1,2542399447022767;13,939173588836265
611;13,81;9,37;2890,64;4,38;13,88;1,2539147361928173;13,917812597392865
612;14,07;9,37;2890,699;4,41;14,36;1,2537753993234493;14,179317130528528
613;13,46;9,37;2890,602;4,5;13,68;1,2533575259899337;13,563070568066887
614;13,77;9,36;2887,571;4,41;14,21;1,2537753993234493;13,876986274866937
615;13,77;9,37;2890,41;4,54;14,03;1,2531718704949488;13,874759266350166
616;14,06;9,37;2889,946;4,48;14,36;1,2534503689541268;14,168014912149205
617;13,49;9,37;2889,027;4,66;13,34;1,2526151470250628;13,590615938474116
618;13,95;9,37;2888,257;4,62;14,11;1,2528006810627985;14,05474072332576
619;13,92;9,37;2889,246;4,67;13,77;1,2525687698277679;14,023650041921165
620;13,67;9,37;2889,502;4,69;13,54;1,252476023002233;13,771448590552852
621;13,9;9,37;2889,273;4,65;13,98;1,2526615267464263;14,003846779657238
622;14,03;9,37;2889,816;4,64;14,01;1,2527079089926454;14,13499246281796
623;13,43;9,37;2890,138;4,75;13,69;1,2521978430213256;13,52866574998718
624;13,37;9,37;2889,556;4,7;13,46;1,2524296533724173;13,469055990400445
625;12,93;9,37;2887,638;4,69;12,95;1,252476023002233;13,025956859974277
626;12,97;9,37;2890,832;4,65;12,95;1,2526615267464263;13,066898757708948
627;13,6;9,37;2889,758;4,6;13,96;1,2528934632418163;13,702451070141977
628;13,38;9,37;2887,952;4,72;13,44;1,2523369216747486;13,478797399029956
629;12,94;9,37;2888,205;4,78;12,94;1,25205878702066;13,034583352139256
630;12,85;9,37;2890,742;4,84;12,55;1,2517807428923062;12,942967286619034
631;13,01;9,37;2891,48;4,79;12,89;1,2520124400507;13,104933304551253
632;13,19;9,37;2889,913;4,75;12,93;1,2521978430213256;13,28690254968957
633;12,91;9,37;2887,996;4,77;12,94;1,2521051365052245;13,004524536674458
634;12,75;9,37;2888,935;4,74;12,58;1,252244200054441;12,843828507029992
635;12,58;9,47;3075,022;4,87;11,79;1,2516417547219258;12,67054490682812
636;12,44;10,11;4234,782;4,85;9,85;1,2517344109933737;12,52984642320721
637;12,72;10,11;4233,617;4,86;10,12;1,2516880816035107;12,811710623054532
638;12,37;10,11;4232,878;4,82;9,65;1,2518734142205448;12,459802036478946
639;11,87;10,11;4233,544;4,75;8,57;1,2521978430213256;11,957204948052706
640;12,08;10,11;4234,262;4,7;9,37;1,2524296533724173;12,16949860613593
641;12,4;10,11;4237,164;4,68;9,36;1,2525223951537539;12,492177761396656
642;12,48;10,11;4233,902;4,57;9,63;1,2530326554782247;12,57447954945343
643;12,67;10,11;4231,666;4,44;10,22;1,2536360853472663;12,767966862407393
644;12,58;10,11;4234,356;4,36;10,0;1,254007640167924;12,67852327861663
645;12,07;10,11;4236,377;4,47;9,14;1,253496794243142;12,1628770431964
646;12,37;10,11;4232,88;4,44;9,6;1,2536360853472663;12,46564720504968
647;12,45;10,11;4235,9;4,39;9,48;1,253868288024704;12,5470403529901
648;12,53;10,11;4235,002;4,33;9,78;1,254147015239503;12,628599520163089
649;12,68;10,11;4235,948;4,37;10,07;1,2539611869069636;12,7791486523807
650;12,68;10,11;4234,469;4,37;10,35;1,2539611869069636;12,7791486523807
651;12,66;10,11;4235,228;4,39;9,99;1,253868288024704;12,758677178221259
652;13,55;10,11;4236,373;4,25;11,42;1,2545187943515135;13,657975300091605
653;12,94;10,11;4234,382;4,37;10,81;1,2539611869069636;13,041181668912166
654;12,54;10,11;4236,506;4,48;9,54;1,2534503689541268;12,63633762434929
655;12,74;10,11;4234,068;4,39;10,31;1,253868288024704;12,839300730690272
656;12,58;10,11;4233,674;4,48;10,05;1,2534503689541268;12,676644921396656
657;12,69;10,11;4235,015;4,31;10,17;1,2542399447022767;12,790174464376875
658;12,74;10,11;4235,101;4,34;9,9;1,254100554333413;12,840093464902662
659;12,36;10,11;4236,487;4,5;8,97;1,2533575259899337;12,454647267556219
660;12,15;10,11;4233,876;4,42;9,0;1,253728958788744;12,244248472647733
661;12,5;10,11;4236,178;4,41;9,15;1,2537753993234493;12,597118985899543
662;11,84;10,11;4233,7;4,35;8,85;1,2540540959764803;11,93287514259485
663;12,27;10,11;4235,834;4,31;9,24;1,2542399447022767;12,366858997470786
664;12,06;10,11;4234,189;4,23;9,13;1,2546117646756827;12,156402283566454
665;11,9;10,11;4236,039;4,23;8,56;1,2546117646756827;11,995123314630249
666;12,36;10,11;4236,102;4,16;9,39;1,2549372414196973;12,459877628907822
667;11,61;10,11;4232,239;4,19;8,3;1,2547977360230371;11,7033833912324
668;11,97;10,11;4236,502;4,21;8,92;1,2547047452307822;12,065980922856838
669;11,53;10,11;4236,46;4,25;8,1;1,2545187943515135;11,621878613288281
670;11,73;10,11;4235,633;4,25;8,21;1,2545187943515135;11,823472344654947
671;11,74;10,11;4235,528;4,25;8,52;1,2545187943515135;11,833552031223281
672;11,62;10,11;4232,447;4,23;8,0;1,2546117646756827;11,712885118991888
673;12,01;10,11;4235,271;4,19;8,35;1,2547977360230371;12,10660073459958
674;11,17;10,11;4262,06;3,97;6,69;1,255821312167436;11,262905145637443
675;11,63;10,11;4374,625;4,15;7,53;1,254983748343901;11,724123532617647
676;11,88;10,11;4283,943;4,19;8,49;1,2547977360230371;11,975555098005247
677;11,73;10,11;4237,297;4,16;8,43;1,2549372414196973;11,824786778890678
678;11,88;10,11;4233,965;4,15;8,69;1,254983748343901;11,976146824376409
679;11,59;10,11;4236,329;4,22;7,71;1,254658253673977;11,682789608686258
680;11,49;10,11;4235,781;4,32;7,79;1,2541934786955307;11,580558689384148
681;11,35;10,11;4236,416;4,32;7,17;1,2541934786955307;11,439455276284601
682;11,02;10,11;4234,013;4,28;7,65;1,2543793580346256;11,107403048698336
683;11,03;10,11;4233,978;4,45;6,46;1,2535896524389287;11,115148835663465
684;10,57;10,11;4236,333;4,5;5,68;1,2533575259899337;10,650940260361589
685;10,97;10,11;4237,023;4,55;6,2;1,2531254629569188;11,053321008956186
686;10,85;10,11;4236,009;4,56;6,7;1,253079057951606;10,932274617556597
687;10,87;10,11;4311,235;4,74;5,75;1,252244200054441;10,949993401679686
688;11,25;10,11;4257,759;4,64;7,41;1,2527079089926454;11,334188539323026
689;11,34;10,11;4234,952;4,59;7,56;1,2529398581241158;11,425567139721549
690;11,26;10,11;4234,494;4,67;7,92;1,2525687698277679;11,343843352875885
691;10,69;10,1;4235,199;4,72;6,37;1,2523369216747486;10,768934543769074
692;10,41;10,11;4240,831;4,79;5,41;1,2520124400507;10,485961237538705
693;10,53;10,11;4240,469;4,79;6,04;1,2520124400507;10,606836871400821
694;11,14;10,11;4237,732;4,8;6,74;1,2519660955945542;11,221149552867754
695;10,92;10,11;4235,692;4,74;6,91;1,252244200054441;11,000361356609217
696;10,81;10,11;4239,009;4,79;6,22;1,2520124400507;10,888880017079096
697;10,58;10,11;4242,348;4,79;6,74;1,2520124400507;10,657201718843371
698;10,64;10,11;4234,971;4,76;6,73;1,252151488505183;10,718036287968223
699;10,57;10,11;4238,963;4,8;6,04;1,2519660955945542;10,646997376464288
700;10,38;10,11;4235,599;4,7;6,25;1,2524296533724173;10,456903603616801
701;10,78;10,11;4247,223;4,67;6,85;1,2525687698277679;10,860269213499292
702;10,31;10,11;4235,856;4,75;5,6;1,2521978430213256;10,385744146118231
703;10,81;10,11;4238,537;4,64;6,68;1,2527079089926454;10,890895832007283
704;10,46;10,11;4246,2;4,68;5,9;1,2525223951537539;10,537756401952342
705;10,8;10,11;4345,438;4,71;6,22;1,252383286263519;10,879881042811855
706;10,91;10,11;4376,173;4,54;6,84;1,2531718704949488;10,993000987355144
707;10,98;10,11;4377,918;4,55;6,62;1,2531254629569188;11,063396962473922
708;10,89;10,11;4377,231;4,35;6,87;1,2540540959764803;10,975423167471108
709;10,93;10,11;4373,189;4,32;6,53;1,2541934786955307;11,016145036985964
710;10,58;10,11;4416,917;4,36;5,93;1,254007640167924;10,6628598002992
711;10,69;10,11;4439,846;4,3;6,29;1,2542864132605211;10,774519585804953
712;10,87;10,11;4441,064;4,31;6,74;1,2542399447022767;10,95580744111715
713;10,51;10,11;4499,932;4,22;5,62;1,254658253673977;10,594143122285812
714;10,37;10,11;5142,164;4,22;1,43;1,254658253673977;10,453022281456125
715;9,98;10,09;4850,575;4,31;0,41;1,2542399447022767;10,058781808863769
716;10,34;10,08;4851,766;4,22;0,16;1,254658253673977;10,422782101278335
717;9,89;10,07;4939,561;4,21;0,28;1,2547047452307822;9,969302533588483
718;10,37;10,09;5359,548;4,19;0,37;1,2547977360230371;10,45340962679414
719;10,24;10,1;5236,021;4,15;0,08;1,254983748343901;10,322874030438925
720;9,8;10,02;4543,762;4,13;0,02;1,2550767698849452;9,879557121437193
721;9,72;10,08;4813,197;4,16;0,02;1,2549372414196973;9,798544543121686
722;9,32;9,69;3928,417;4,25;-0,01;1,2545187943515135;9,394267881686625
723;9,47;9,9;4028,38;4,35;0,01;1,2540540959764803;9,544284425707199
724;8,99;9,74;3446,343;4,34;-0,01;1,254100554333413;9,060631102784532
725;9,32;9,87;3766,573;4,3;-0,01;1,2542864132605211;9,393687796043233
726;9,2;9,92;3636,308;4,31;-0,01;1,2542399447022767;9,272624513181029
727;8,7;9,57;3161,655;4,38;0,0;1,2539147361928173;8,767919594302528
728;9,13;9,71;3640,109;4,46;0,02;1,2535432220711487;9,200367721506263
729;8,83;9,74;3328,097;4,43;0,02;1,2536825207969438;8,898385112730224
730;8,85;9,57;3275,249;4,5;0,02;1,2533575259899337;8,917769281381274
731;9,52;10,04;4152,558;4,56;0,02;1,253079057951606;9,59218934185611
732;9,07;9,79;3702,517;4,69;0,02;1,252476023002233;9,137310805875229
733;9,02;9,86;3605,363;4,73;0,04;1,2522905596053193;9,086491197378031
734;9,13;9,83;3673,761;4,7;0,07;1,2524296533724173;9,197642572352736
735;9,5;10,0;4262,872;4,68;0,02;1,2525223951537539;9,570620059134534
736;9,4;9,91;3827,815;4,67;0,01;1,2525687698277679;9,469993562791592
737;9,44;10,04;4047,628;4,65;0,01;1,2526615267464263;9,510526158270814
738;9,14;10,01;3811,205;4,77;0,01;1,2521051365052245;9,206921321859376
739;8,85;9,76;3440,269;4,77;0,01;1,2521051365052245;8,91479799764283
740;8,8;9,62;3162,54;4,84;0,01;1,2517807428923062;8,86366631301537
741;9,05;9,88;3567,766;4,81;0,01;1,2519197536514326;9,115812428332346
742;9,59;10,01;4177,373;4,65;0,01;1,2526615267464263;9,66164680697215
743;9,37;10,02;4049,885;4,71;0,01;1,252383286263519;9,439304201032135
744;9,3;9,91;4017,053;4,69;0,01;1,252476023002233;9,36901769510911
745;8,17;9,09;2681,493;4,82;0,01;1,2518734142205448;8,229311450123928
746;8,45;9,42;2951,541;4,85;0,02;1,2517344109933737;8,511029121873065
747;8,81;9,52;3059,954;4,84;0,02;1,2517807428923062;8,873738661098342
748;8,92;9,8;3517,519;4,86;0,02;1,2516880816035107;8,984312795412455
749;7,1;7,88;1793,829;4,98;0,02;1,251132324344234;7,150132130298603
750;9,91;10,09;4615,4;4,44;-0,01;1,2536360853472663;9,986626014716437
751;8,06;8,71;2488,253;4,33;0,0;1,254147015239503;8,123424751198286
752;7,03;7,52;1476,353;4,67;0,09;1,2525687698277679;7,082346249619669
753;7,97;8,57;2574,118;4,86;0,05;1,2516880816035107;8,027463338501935
754;8,61;8,9;2994,452;4,61;0,01;1,252847070888306;8,67475349447152
755;8,3;9,04;2631,916;4,86;0,01;1,2516880816035107;8,35984262353401
756;10,04;10,0;4775,924;4,6;0,04;1,2528934632418163;10,115632995898931
757;9,56;9,79;4185,537;3,96;0,05;1,255867867939374;9,639633279372806
758;9,13;9,76;3757,953;3,68;0,01;1,257172479315417;9,209238132007904
759;9,71;9,78;4259,597;3,6;0,08;1,2575455991193794;9,795240740494787
760;7,02;4,57;799,372;3,63;34,42;1,2574056596661605;7,081363467972575
761;7,47;8,14;1973,373;4,05;0,11;1,2554489587314634;7,531386331964552
762;8,3;8,9;2515,729;3,96;0,03;1,255867867939374;8,369137679790198
763;6,97;7,68;1637,062;4,06;0,03;1,2554024261327985;7,027190652468648
764;9,0;9,34;3417,213;4,05;0,02;1,2554489587314634;9,073959436101871
765;9,2;9,91;3960,405;3,89;0,04;1,2561938305891343;9,277437055985706
766;9,79;9,93;4110,912;3,8;0,0;1,256613111515394;9,873501379450872
767;8,14;8,59;2245,856;4,05;0,0;1,2554489587314634;8,206892201096581
768;7,8;7,91;1766,288;4,19;0,01;1,2547977360230371;7,86273819566001
769;9,42;9,9;3880,161;4,24;0,04;1,254565278235121;9,495182019967576
770;9,41;9,98;4327,057;4,51;0,05;1,2533111083131885;9,481940450708013
771;7,93;8,7;2327,077;4,66;0,02;1,2526151470250628;7,989146359681225
772;8,74;9,69;3432,738;4,63;0,02;1,252754293764507;8,805513820447459
773;7,8;8,64;2247,056;4,57;0,02;1,2530326554782247;7,859049718408393
774;8,02;8,57;2215,22;4,69;0,02;1,252476023002233;8,079518485459683
775;8,71;9,66;3303,375;4,59;0,02;1,2529398581241158;8,775722203436922
776;8,1;9,02;2575,055;4,17;0,02;1,2548907370586702;8,165352921952877
777;9,88;9,72;4543,727;3,93;0,47;1,2560075507303345;9,962668164067475
778;9,09;9,75;3797,35;3,8;0,0;1,256613111515394;9,167530902881351
779;9,01;9,79;3852,061;3,68;0,0;1,257172479315417;9,088196666965082
780;7,15;7,99;1797,507;3,86;0,0;1,2563335676133913;7,21044939966984
781;8,39;9,08;2749,793;4,09;0,0;1,2552628437593218;8,458528608258161
782;8,85;9,65;3314,316;4,09;0,0;1,2552628437593218;8,92228583826993
783;7,55;8,37;2050,096;3,96;0,0;1,255867867939374;7,6128902990862635
784;8,89;9,77;3472,976;3,84;0,01;1,256426738560256;8,965381778919408
785;7,72;8,5;2179,669;3,62;0,01;1,2574523035454694;7,787578624188267
786;6,45;7,01;1155,853;3,69;0,01;1,2571258510490602;6,50589830992329
787;7,23;7,84;1851,396;3,95;0,01;1,2559144262899875;7,29031483819087
788;9,94;9,98;4391,68;3,74;0,01;1,2568927486940213;10,025524325101005
789;9,08;9,55;3580,427;3,8;0,12;1,256613111515394;9,15744561035893
790;9,02;9,75;3563,512;3,67;0,02;1,257219110182015;9,09839594508232
791;8,89;9,4;3366,292;3,32;0,02;1,2588528346139731;8,971148633905958
792;6,73;7,25;1293,262;3,72;0,03;1,2569859818437594;6,7880731350522625
793;7,53;8,29;2036,475;4,0;0,0;1,255681660315948;7,592348425814275
794;8,5;9,42;2999,539;3,61;0,0;1,2574989500296203;8,574512540429303
795;8,18;9,05;2635,161;3,55;0,0;1,2577788836790984;8,252319625153834
796;8,19;8,77;2414,013;3,52;0,0;1,257918885731218;8,262714584079063
797;7,7;8,69;2329,178;3,27;0,0;1,2590864858305804;7,770766927040012
798;7,99;8,86;2530,632;3,43;0,0;1,2583390330447797;8,06183624859674
799;8,19;9,18;2732,874;3,51;0,07;1,2579655583058948;8,262816773337432
800;7,78;8,56;2217,043;3,73;0,07;1,2569393639706896;7,847036569448816
801;7,89;8,75;2386,398;3,85;0,07;1,2563801517932403;7,956804043429135
802;8,35;9,27;2816,376;3,85;0,07;1,2563801517932403;8,420698829231087
803;8,53;9,45;3162,353;3,85;0,07;1,2563801517932403;8,602222875849241
804;9,14;9,71;3796,364;3,24;0,07;1,2592267081329702;9,224343669136635
805;7,43;7,9;1718,449;3,71;0,02;1,2570326023139993;7,494206080229057
806;7,29;8,0;1786,065;3,87;0,02;1,256286986019938;7,35154216332111
807;7,35;7,86;1719,544;3,99;0,02;1,2557282083564967;7,410949597413388
808;8,68;9,5;3222,926;3,79;0,02;1,2566597112297984;8,754142118433691
809;9,07;9,78;3585,914;3,25;0,02;1,259179964732699;9,153584445710807
810;6,02;7,01;1025,56;3,23;0,37;1,2592734541670607;6,075627574366379
811;5,62;6,49;624,644;3,66;0,55;1,2572657436496213;5,668915456897553
812;7,53;8,21;1977,328;3,77;0,01;1,2567529184347397;7,5945068956740185
813;7,37;8,27;1984,585;3,75;0,0;1,2568461360129861;7,4333200068937275
814;7,81;8,49;2171,718;3,85;0,0;1,2563801517932403;7,876126689376621
815;7,62;8,32;2028,557;3,7;0,0;1,2570792253821768;7,685942979431425
816;7,14;7,59;1540,419;3,7;0,0;1,2570792253821768;7,201789090963302
817;9,81;9,91;4664,908;3,46;0,03;1,2581989603934385;9,89783216115099
818;8,94;9,68;3263,862;3,11;0,04;1,2598346122901236;9,023949741132261
819;9,05;9,65;3454,728;3,31;0,04;1,2588995595987693;9,132722117389578
820;9,29;9,88;3671,05;3,23;0,04;1,2592734541670607;9,3758438813727
821;7,65;8,3;1999,691;3,11;0,04;1,2598346122901236;7,721836187881634
822;8,11;8,9;2579,355;2,99;0,04;1,2603961511013604;8,187371824832356
823;7,09;7,77;1632,486;2,82;0,04;1,261192318625385;7,159147516377696
824;6,95;7,47;1495,479;3,1;0,01;1,2598813926328576;7,015349771409061
825;8,27;9,0;2873,815;3,13;0,01;1,2597410595349088;8,347451573903147
826;9,56;10,04;4150,604;3,13;0,01;1,2597410595349088;9,64953289558816
827;9,02;9,6;3319,404;3,24;0,01;1,2592267081329702;9,103236312430244
828;9,26;9,84;3783,437;3,07;0,01;1,2600217495306445;9,347417433014895
829;9,05;9,87;3556,85;3,06;0,01;1,2600685404556213;9,13554804433285
830;9,39;10,0;4025,683;3,02;0,05;1,2602557306375854;9,479231355020218
831;9,15;9,88;3805,314;2,8;0,06;1,261286035966564;9,239467177860796
832;9,17;9,75;3553,376;2,98;0,06;1,2604429632270822;9,257599150483895
833;8,06;8,7;2360,253;3,2;0,06;1,259413708079839;8,134780100826886
834;8,11;8,93;2508,423;3,28;0,06;1,259039750327214;8,184433768781012
835;8,09;8,72;2370,823;3,11;0,06;1,2598346122901236;8,165967942478748
836;7,42;7,91;1815,799;3,36;0,03;1,258665960944603;7,4873598256813585
837;6,17;6,89;1005,252;3,3;0,18;1,258946287212068;6,2264743246936805
838;6,88;7,33;1367,331;3,5;0,01;1,2580122334938302;6,94125549262923
839;7,01;7,56;1505,148;3,49;0,01;1,2580589112957885;7,0725004080190566
840;7,47;7,96;1750,317;3,56;0,01;1,2577322215498132;7,535949299927686
841;7,28;7,87;1712,229;3,74;0,01;1,2568927486940213;7,342637533876793
842;7,59;8,1;1859,472;3,84;0,01;1,256426738560256;7,654358571653352
843;7,89;8,2;1928,367;3,9;0,01;1,256147256750241;7,956312362432749
844;7,53;8,03;1798,685;3,82;0,01;1,2565199198588692;7,594037533019803
845;6,91;7,73;1594,718;3,8;0,01;1,256613111515394;6,968937132993415
846;6,92;7,64;1535,737;3,83;0,01;1,2564733279152087;6,978763637549284
847;7,09;7,67;1565,845;3,83;0,01;1,2564733279152087;7,150207252922605
848;6,19;6,81;997,524;3,83;0,1;1,2564733279152087;6,242564583299143
849;6,62;7,16;1196,398;3,99;0,16;1,2557282083564967;6,674896099983215
850;6,78;7,29;1335,652;4,01;0,0;1,255635114850982;6,8360539551322566
851;7,13;7,75;1621,965;3,99;0,0;1,2557282083564967;7,189125255722103
852;7,79;8,35;2030,366;3,93;0,0;1,2560075507303345;7,855180667822431
853;6,64;7,26;1313,756;3,86;0,0;1,2563335676133913;6,696137624308774
854;7,35;7,84;1674,831;3,7;0,0;1,2570792253821768;7,413606417168106
855;6,59;7,11;1220,304;3,79;0,01;1,2566597112297984;6,646289926322353
856;7,08;7,65;1545,061;3,73;0,0;1,2569393639706896;7,14100500150355
857;6,67;7,33;1357,981;3,75;0,0;1,2568461360129861;6,727305894977091
858;6,48;7,12;1209,863;3,64;0,01;1,2573590183909273;6,536562378403889
859;6,64;7,13;1239,947;3,69;0,01;1,2571258510490602;6,697544926804751
860;6,7;7,23;1290,047;3,69;0,01;1,2571258510490602;6,758064911083107
861;6,52;7,1;1195,097;3,62;0,01;1,2574523035454694;6,577074174832578
862;6,26;6,88;1062,244;3,78;0,04;1,2567063135359906;6,313549201668795
863;6,78;7,16;1237,272;3,7;0,0;1,2570792253821768;6,838673674612212
864;6,44;6,95;1114,878;3,77;0,0;1,2567529184347397;6,495169244108988
865;6,38;6,74;966,992;3,79;0,04;1,2566597112297984;6,434496165392506
866;6,7;7,24;1279,758;3,74;0,01;1,2568927486940213;6,757647180903092
867;6,34;6,99;1077,774;3,77;0,17;1,2567529184347397;6,394312578827792
868;5,66;6,57;713,191;3,73;0,48;1,2569393639706896;5,708769535100296
869;4,88;6,48;341,271;3,97;1,35;1,255821312167436;4,920588819222088
870;5,24;6,52;522,353;4,01;0,95;1,255635114850982;5,2833219358249295
871;5,54;6,48;557,235;4,04;0,72;1,2554954939018397;5,585595152999951
872;5,98;6,57;714,744;4,14;0,38;1,2550302578320578;6,0284716084134535
873;5,28;6,48;521,259;4,06;0,83;1,2554024261327985;5,323323765428187
874;5,8;6,49;636,479;3,92;0,46;1,256054116821613;5,848602170471234
875;5,04;6,47;397,846;3,86;1,16;1,2563335676133913;5,082610485921117
876;4,19;6,48;130,067;4,18;1,51;1,2548442352600426;4,223753843919091
877;4,46;6,48;260,263;4,22;1,29;1,254658253673977;4,495706786431468
878;4,67;6,47;311,25;4,18;1,34;1,2548442352600426;4,7076206327212775
879;5,52;6,5;598,659;4,18;0,67;1,2548442352600426;5,56446807122515
880;6,08;6,54;792,368;3,96;0,14;1,255867867939374;6,130645432906554
881;5,45;6,49;630,232;3,96;0,55;1,255867867939374;5,49539763311525
882;4,36;6,48;241,614;4,01;1,48;1,255635114850982;4,396046496220744
883;5,03;6,48;410,117;4,13;1,0;1,2550767698849452;5,070833910288681
884;5,66;6,58;669,296;4,11;0,55;1,2551698016880155;5,706089276500481
885;6,32;6,68;933,977;4,11;0,06;1,2551698016880155;6,371463644431633
886;6,12;6,58;858,225;4,21;0,09;1,2547047452307822;6,169072953039586
887;6,18;6,7;969,086;4,23;0,02;1,2546117646756827;6,229400175160919
888;5,96;6,62;817,875;4,25;0,25;1,2545187943515135;6,0074931947266395
889;5,4;6,49;620,092;4,28;0,55;1,2543793580346256;5,442829080124413
890;5,25;6,49;529,075;4,34;0,83;1,254100554333413;5,291247306965383
891;6,55;6,96;1105,387;4,29;0,03;1,2543328843710442;6,601868554753312
892;5,06;6,48;470,986;4,47;0,95;1,253496794243142;5,098936026393851
893;5,52;6,53;602,238;4,47;0,69;1,253496794243142;5,562475665156928
894;6,36;6,82;1036,362;4,27;0,05;1,254425834252045;6,410522309299023
895;5,71;6,57;744,941;4,31;0,38;1,2542399447022767;5,755074561985182
896;5,71;6,54;757,734;4,55;0,27;1,2531254629569188;5,753369458627149
897;6,42;6,98;1149,226;4,55;0,01;1,2531254629569188;6,468762158386391
898;6,27;6,79;1017,725;4,49;0,02;1,2534039462033182;6,31809081137391
899;6,29;6,7;982,476;4,53;0,01;1,2532182805664807;6,3379312361023
900;5,83;6,56;803,228;4,55;0,12;1,2531254629569188;5,874280900839978
901;6,14;6,64;851,264;4,57;0,18;1,2530326554782247;6,186482727054812
902;6,67;7,19;1272,354;4,28;0,01;1,2543793580346256;6,722901845264783
903;5,53;6,71;765,803;4,33;0,56;1,254147015239503;5,573515989345721
904;6,74;7,49;1348,723;4,57;0,33;1,2530326554782247;6,7910250130862275
905;5,46;6,57;570,735;4,35;0,84;1,2540540959764803;5,502829246500665
906;5,15;6,49;528,461;4,68;0,72;1,2525223951537539;5,188283505741353
907;6,55;7,19;1224,036;4,72;0,11;1,2523369216747486;6,598364944966083
908;5,58;6,5;616,635;4,63;0,6;1,252754293764507;5,621826901384075
909;5,87;6,49;710,899;4,82;0,28;1,2518734142205448;5,912614224262847
910;5,31;6,48;511,066;4,69;0,84;1,252476023002233;5,349406877530039
911;5,96;6,67;882,929;4,58;0,18;1,2529862555359899;6,005045916903615
912;5,8;6,52;771,219;4,54;0,26;1,2531718704949488;5,844125181178719
913;6,28;6,91;1058,764;4,62;0,09;1,2528006810627985;6,32715209623554
914;5,07;6,47;480,652;4,49;0,96;1,2534039462033182;5,108886828335842
915;4,9;6,48;421,626;4,64;1,16;1,2527079089926454;4,936668786016252
916;5,15;6,48;455,739;4,87;1,0;1,2516417547219258;5,187067271078285
917;6,44;7,06;1166,454;4,67;0,07;1,2525687698277679;6,4879530366359415
918;5,77;6,49;709,637;4,6;0,29;1,2528934632418163;5,813466373141118
919;6,28;6,76;1016,179;4,51;0,0;1,2533111083131885;6,328011267847644
920;5,17;6,57;555,995;4,3;0,88;1,2542864132605211;5,210876170122694
921;4,41;6,48;231,786;4,38;1,48;1,2539147361928173;4,444428208146455
922;5,5;6,56;621,462;4,31;0,59;1,2542399447022767;5,543416828532137
923;5,15;6,48;509,807;4,4;0,8;1,253821842401842;5,190077105227492
924;5,26;6,53;571,101;4,29;0,8;1,2543328843710442;5,301653221069072
925;4,46;6,48;315,968;4,45;1,03;1,2535896524389287;4,494430082235636
926;5,48;6,5;598,789;4,47;0,7;1,253496794243142;5,522167870481878
927;5,22;6,48;450,817;4,38;1,07;1,2539147361928173;5,260751756581517
928;4,89;6,47;400,524;4,4;1,13;1,253821842401842;4,928053795060666
929;4,85;6,48;397,256;4,52;1,23;1,2532646931722993;4,887018435648465
930;4,96;6,48;489,939;4,54;0,89;1,2531718704949488;4,997734637697664
931;4,58;6,48;304,7;4,68;1,28;1,2525223951537539;4,614046302193281
932;5,51;6,48;571,922;4,59;0,68;1,2529398581241158;5,551576273356767
933;4,88;6,47;344,093;4,48;1,08;1,2534503689541268;4,9174902397786715
934;3,0;4,44;-35,567;4,84;17,21;1,2517807428923062;3,0217044248916034
935;3,12;0,48;-11,256;4,94;44,86;1,2513175367160774;3,142184930528354
936;3,84;5,68;68,429;5,18;5,03;1,2502068611698878;3,866159978392682
937;3,85;6,48;65,427;5,24;1,51;1,249929416168855;3,8759413455453684
938;4,28;6,48;134,439;5,19;1,37;1,250160614133959;4,309104341185265
939;5,0;6,48;438,393;4,94;0,99;1,2513175367160774;5,0355527732826175
940;4,59;6,47;306,819;4,75;1,2;1,2521978430213256;4,6237212056918215
941;5,5;6,48;453,632;4,78;1,02;1,25205878702066;5,540201579348216
942;3,5;5,48;35,154;4,9;9,64;1,2515027891189199;3,5250608810412807
943;4,89;2,94;215,836;4,85;28,74;1,2517344109933737;4,925317444492223
944;5,86;6,51;782,639;4,49;0,15;1,2534039462033182;5,904946117169238
945;5,22;6,48;537,903;4,5;0,76;1,2533575259899337;5,259972389696073
946;4,38;6,48;214,37;4,65;1,5;1,2526615267464263;4,412722942079043
947;5,12;6,5;537,93;4,55;0,79;1,2531254629569188;5,158888201080735
948;5,24;6,48;453,865;4,6;0,98;1,2528934632418163;5,2794737946723505
949;4,74;6,47;227,064;4,51;1,42;1,2533111083131885;4,776237804076088
950;4,77;6,48;278,94;4,69;1,23;1,252476023002233;4,805399398459188
951;3,62;4,44;142,484;4,61;17,01;1,252847070888306;3,6472250464560863
952;2,63;0,28;-10,532;4,86;45,0;1,2516880816035107;2,6489621807101744
953;4,7;2,52;146,942;4,75;31,98;1,2521978430213256;4,73452933916156
954;5,67;6,49;677,756;4,6;0,37;1,2528934632418163;5,712713056448898
955;4,93;6,48;446,896;4,72;1,02;1,2523369216747486;4,966402928043174
956;5,43;6,48;572,828;4,62;0,62;1,2528006810627985;5,470770044993468
957;5,66;6,51;703,471;4,45;0,36;1,2535896524389287;5,70369378149186
958;5,22;6,48;481,562;4,26;0,95;1,254472313024081;5,261531405186214
959;4,54;6,47;264,656;4,19;1,35;1,2547977360230371;4,576516847217493
960;3,63;6,48;36,89;4,36;1,51;1,254007640167924;3,658429213146134
961;3,66;6,48;55,31;4,48;1,51;1,2534503689541268;3,6881176798340034
962;4,04;6,48;161,52;4,57;1,48;1,2530326554782247;4,07058472594486
963;4,57;6,48;256,013;4,51;1,46;1,2533111083131885;4,6049381359974095
964;3,99;6,48;131,692;4,59;1,51;1,2529398581241158;4,020106956568694
965;3,92;6,48;94,877;4,73;1,51;1,2522905596053193;3,948896396199765
966;4,09;6,48;143,872;4,6;1,5;1,2528934632418163;4,120810652711816
967;6,11;6,59;777,968;4,2;0,32;1,2547512393468763;6,15906884305002
968;4,36;6,48;245,946;4,35;1,43;1,2540540959764803;4,3942006437258065
969;4,26;6,48;202,724;4,6;1,41;1,2528934632418163;4,29209129108859
970;5,1;6,47;448,663;4,5;1,0;1,2533575259899337;5,139053484185818
971;3,71;6,47;94,586;4,51;1,51;1,2533111083131885;3,7383633445405664
972;3,43;6,48;42,459;4,7;1,51;1,2524296533724173;3,4554122697885963
973;4,27;6,48;245,031;4,82;1,31;1,2518734142205448;4,300998762794268
974;4,9;6,47;372,587;4,65;1,22;1,2526615267464263;4,936607857577012
975;4,72;6,48;299,497;4,73;1,18;1,2522905596053193;4,754793619914002
976;5,22;6,48;430,146;4,63;1,1;1,252754293764507;5,25912839161736
977;4,41;6,47;207,912;4,77;1,45;1,2521051365052245;4,442289171706767
978;5,18;6,48;491,997;4,61;0,85;1,252847070888306;5,2189573869178245
979;4,6;6,48;303,857;4,4;1,25;1,253821842401842;4,635797026028438
980;4,27;6,48;246,838;4,44;1,46;1,2536360853472663;4,3030164563914415
981;3,41;6,48;55,382;4,43;1,51;1,2536825207969438;3,4364091998199395
982;3,93;6,48;151,879;4,24;1,51;1,254565278235121;3,961365747183925
983;4,5;6,48;248,785;4,32;1,41;1,2541934786955307;4,535466849628256
984;4,08;6,48;292,741;4,43;1,32;1,2536825207969438;4,111598104183388
985;4,72;6,48;331,049;4,7;1,28;1,2524296533724173;4,754969654053111
986;5,47;6,48;602,428;4,58;0,58;1,2529862555359899;5,51134247742664
987;4,74;6,47;314,712;4,58;1,31;1,2529862555359899;4,775825108409922
988;4,15;6,48;196,043;4,54;1,31;1,2531718704949488;4,18157232791236
989;4,56;6,47;272,382;4,39;1,3;1,253868288024704;4,595542490733723
990;3,93;6,48;110,477;4,55;1,5;1,2531254629569188;3,959849732470174
991;2,96;4,39;-7,975;4,73;17,61;1,2522905596053193;2,9818197277426797
992;4,41;2,95;97,279;4,44;27,29;1,2536360853472663;4,444098963158375
993;4,78;6,48;340,391;4,45;1,32;1,2535896524389287;4,816900402037295
994;3,74;6,48;71,576;4,75;1,49;1,2521978430213256;3,767476537971114
995;5,83;6,54;746,173;4,81;0,29;1,2519197536514326;5,872396293610781
996;5,91;6,61;880,799;4,71;0,08;1,252383286263519;5,953712681760932
997;5,2;6,48;531,192;4,51;0,8;1,2533111083131885;5,239754552994864
998;5,77;6,54;772,954;4,46;0,19;1,2535432220711487;5,8144711668226865
999;4,84;6,47;383,076;4,38;1,1;1,2539147361928173;4,877785153611981
1000;5,44;6,62;669,148;4,56;0,53;1,253079057951606;5,481251052489207
1001;4,35;6,47;230,864;4,57;1,44;1,2530326554782247;4,382931573727757
1002;5,67;6,56;695,618;4,53;0,49;1,2532182805664807;5,713206694546906
1003;5,52;6,5;665,034;4,6;0,42;1,2528934632418163;5,561583081410567
1004;5,83;6,54;766,518;4,61;0,24;1,252847070888306;5,873845862110216
1005;5,45;6,48;552,463;4,65;0,75;1,2526615267464263;5,490716902815247
1006;6,08;6,84;924,582;4,59;0,31;1,2529398581241158;6,125877267152295
1007;5,31;6,48;507,752;4,6;0,84;1,2528934632418163;5,350001116356904
