Datum (Anlage);Zeit (Anlage);Wind Speed (avg);Rotor Speed [rpm] (avg);Active Power (avg);Nacelle Position (avg);Wind Direction (avg);Generator Speed [rpm] (avg);T Outside Nacelle Level (avg);Pitch Angle 1 (avg)
01.01.21;00:00:00;2,86;0,05;-23,628;347;82,30;14,68;7,44;45,01
01.01.21;00:10:00;2,66;0,40;-22,677;15;32,21;54,98;7,50;45,01
01.01.21;00:20:00;1,49;0,00;-19,430;15;352,75;13,92;7,68;45,01
01.01.21;00:30:00;2,94;0,74;-21,343;20;54,00;95,25;7,25;39,38
01.01.21;00:40:00;2,02;3,52;-27,661;32;337,54;405,10;7,12;2,42
01.01.21;00:50:00;1,24;0,05;-21,184;332;343,52;8,51;7,46;45,00
01.01.21;01:00:00;1,30;0,00;-19,980;328;10,93;3,19;8,10;45,00
01.01.21;01:10:00;1,08;0,00;-22,472;328;11,76;0,60;8,15;45,00
01.01.21;01:20:00;1,10;0,00;-21,615;328;3,53;0,63;8,01;45,00
01.01.21;01:30:00;1,06;0,00;-21,018;328;11,63;0,64;8,17;45,00
01.01.21;01:40:00;0,88;0,00;-20,503;328;3,66;0,61;8,32;45,00
01.01.21;01:50:00;0,83;0,00;-19,144;328;353,31;0,64;7,99;45,00
01.01.21;02:00:00;0,72;0,00;-19,011;328;324,02;0,63;7,96;45,00
01.01.21;02:10:00;1,13;0,00;-22,043;328;306,59;11,64;7,80;45,00
01.01.21;02:20:00;1,66;0,04;-21,294;328;308,02;38,75;7,76;45,00
01.01.21;02:30:00;1,84;0,36;-21,244;328;316,05;50,84;7,70;45,00
01.01.21;02:40:00;2,05;0,50;-22,179;328;335,22;57,78;7,70;45,00
01.01.21;02:50:00;1,87;0,36;-21,187;328;325,29;53,84;7,73;45,00
01.01.21;03:00:00;2,16;0,13;-21,119;328;342,54;35,11;7,79;45,00
01.01.21;03:10:00;1,43;0,00;-20,601;328;2,81;12,21;7,89;45,00
01.01.21;03:20:00;1,47;0,00;-18,677;328;358,39;17,73;7,99;45,00
01.01.21;03:30:00;1,51;0,00;-18,742;328;330,66;32,20;7,89;45,00
01.01.21;03:40:00;2,70;0,80;-22,339;328;315,65;99,71;7,80;38,74
01.01.21;03:50:00;4,27;6,51;214,613;330;320,23;752,32;7,71;1,63
01.01.21;04:00:00;4,11;6,48;149,450;327;321,86;748,40;7,81;1,51
01.01.21;04:10:00;4,68;6,48;223,465;5;35,72;748,22;7,75;1,46
01.01.21;04:20:00;3,36;6,48;25,535;24;14,53;748,25;7,69;1,51
01.01.21;04:30:00;4,40;6,48;218,439;357;346,00;748,65;7,77;1,51
01.01.21;04:40:00;4,27;6,48;227,143;351;350,37;748,17;7,72;1,51
01.01.21;04:50:00;4,36;6,48;261,779;351;349,25;748,48;7,73;1,49
01.01.21;05:00:00;4,51;6,48;314,344;351;345,43;748,08;7,70;1,45
01.01.21;05:10:00;4,54;6,48;348,052;351;337,42;748,13;7,71;1,41
01.01.21;05:20:00;4,50;6,48;352,064;351;346,85;748,59;7,72;1,22
01.01.21;05:30:00;4,97;6,48;504,376;351;343,01;748,14;7,65;0,85
01.01.21;05:40:00;5,08;6,48;524,140;351;348,34;748,28;7,58;0,80
01.01.21;05:50:00;5,02;6,48;457,515;351;347,63;748,39;7,64;1,08
01.01.21;06:00:00;4,94;6,48;460,455;349;328,88;748,29;7,70;1,00
01.01.21;06:10:00;5,64;6,48;655,055;339;345,21;748,42;7,70;0,33
01.01.21;06:20:00;5,15;6,47;486,657;339;344,79;747,93;7,70;0,84
01.01.21;06:30:00;4,58;6,48;355,722;339;340,05;748,40;7,70;1,30
01.01.21;06:40:00;5,14;6,48;470,678;339;339,84;748,38;7,71;0,94
01.01.21;06:50:00;4,57;6,48;353,549;339;344,51;748,10;7,71;1,30
01.01.21;07:00:00;4,25;6,48;177,493;344;345,24;747,99;7,80;1,51
01.01.21;07:10:00;3,25;6,48;1,940;346;340,04;748,11;7,93;1,51
01.01.21;07:20:00;3,58;6,48;52,813;339;329,36;748,32;7,94;1,51
01.01.21;07:30:00;3,61;6,48;93,146;330;333,80;748,08;7,88;1,51
01.01.21;07:40:00;3,40;6,48;11,182;329;337,25;748,38;7,93;1,51
01.01.21;07:50:00;4,64;6,48;283,673;329;336,82;748,47;7,87;1,23
01.01.21;08:00:00;4,22;6,48;175,532;341;356,09;747,94;7,95;1,50
01.01.21;08:10:00;3,74;6,48;79,043;345;338,56;748,22;7,90;1,51
01.01.21;08:20:00;4,04;6,48;168,862;343;335,26;748,48;7,92;1,51
01.01.21;08:30:00;4,39;6,48;269,486;343;336,81;748,11;7,90;1,50
01.01.21;08:40:00;4,19;6,48;198,263;335;327,94;748,12;8,00;1,50
01.01.21;08:50:00;4,31;6,48;206,256;334;339,40;748,28;7,96;1,51
01.01.21;09:00:00;4,44;6,48;278,382;334;327,44;748,16;7,91;1,49
01.01.21;09:10:00;4,92;6,48;415,413;334;333,75;748,38;7,94;1,09
01.01.21;09:20:00;4,96;6,48;393,476;334;331,78;748,24;7,94;1,25
01.01.21;09:30:00;4,60;6,48;387,508;330;310,29;748,29;8,06;1,23
01.01.21;09:40:00;4,82;6,48;422,760;321;314,73;748,09;8,08;1,13
01.01.21;09:50:00;5,11;6,48;485,454;321;316,71;748,40;8,08;0,90
01.01.21;10:00:00;4,57;6,48;293,748;321;317,21;748,08;8,10;1,46
01.01.21;10:10:00;4,51;6,48;311,663;321;312,51;748,19;8,14;1,49
01.01.21;10:20:00;4,26;6,48;255,041;316;296,65;748,20;8,19;1,51
01.01.21;10:30:00;4,45;6,48;330,397;305;311,75;748,21;8,15;1,38
01.01.21;10:40:00;4,59;6,48;333,866;305;309,88;748,32;8,17;1,39
01.01.21;10:50:00;4,32;6,48;284,859;306;315,01;748,26;8,17;1,40
01.01.21;11:00:00;4,60;6,48;332,535;310;305,70;748,19;8,18;1,40
01.01.21;11:10:00;4,58;6,48;339,516;304;296,28;748,22;8,22;1,34
01.01.21;11:20:00;4,97;6,48;509,838;299;278,42;748,35;8,20;0,87
01.01.21;11:30:00;5,51;6,48;633,001;286;291,42;748,21;8,19;0,44
01.01.21;11:40:00;5,52;6,51;717,333;286;285,59;751,92;8,20;0,21
01.01.21;11:50:00;5,50;6,48;688,698;286;282,45;748,28;8,20;0,26
01.01.21;12:00:00;5,27;6,48;647,817;286;276,83;748,58;8,21;0,45
01.01.21;12:10:00;5,83;6,67;925,906;286;281,85;770,08;8,20;0,02
01.01.21;12:20:00;5,73;6,60;851,928;284;265,40;762,35;8,21;0,07
01.01.21;12:30:00;6,51;7,16;1219,913;283;290,22;827,28;8,16;0,00
01.01.21;12:40:00;6,00;6,85;1059,441;288;269,02;791,84;8,16;0,00
01.01.21;12:50:00;5,88;6,65;943,129;281;270,64;767,98;8,10;0,00
01.01.21;13:00:00;5,92;6,68;971,213;281;271,34;771,66;8,11;0,00
01.01.21;13:10:00;5,86;6,59;909,541;278;259,35;760,94;8,11;0,00
01.01.21;13:20:00;5,58;6,49;751,338;269;266,76;750,08;8,11;0,13
01.01.21;13:30:00;8,25;8,55;2646,217;284;304,41;987,98;7,76;0,00
01.01.21;13:40:00;9,25;9,46;3541,544;293;281,94;1092,91;7,32;0,02
01.01.21;13:50:00;6,52;7,23;1280,659;279;270,80;834,89;7,38;0,01
01.01.21;14:00:00;6,32;6,93;1099,884;275;261,03;801,24;7,77;0,01
01.01.21;14:10:00;6,02;6,66;955,424;262;261,20;769,84;7,76;0,01
01.01.21;14:20:00;5,78;6,62;915,871;262;254,35;764,79;7,74;0,01
01.01.21;14:30:00;6,13;6,60;915,396;262;272,35;762,19;7,76;0,01
01.01.21;14:40:00;6,95;7,93;1702,897;278;265,00;915,89;7,80;0,04
01.01.21;14:50:00;6,97;7,62;1504,695;270;269,73;880,60;7,72;0,05
01.01.21;15:00:00;6,13;6,86;1061,951;268;256,72;792,97;7,74;0,05
01.01.21;15:10:00;6,07;6,72;976,255;252;233,11;776,14;7,69;0,05
01.01.21;15:20:00;5,75;6,53;848,909;247;235,46;754,06;7,64;0,05
01.01.21;15:30:00;5,76;6,49;785,344;247;249,37;749,85;7,72;0,09
01.01.21;15:40:00;5,44;6,49;587,090;251;288,31;749,41;7,89;0,67
01.01.21;15:50:00;5,91;6,66;949,471;293;292,75;769,66;8,19;0,01
01.01.21;16:00:00;6,16;6,85;1060,203;294;293,98;791,73;8,23;0,00
01.01.21;16:10:00;6,20;6,93;1104,415;294;292,24;801,33;8,28;0,00
01.01.21;16:20:00;7,24;8,05;1839,649;296;298,36;930,32;8,11;0,00
01.01.21;16:30:00;7,45;8,49;2113,234;294;281,66;979,87;7,84;0,00
01.01.21;16:40:00;6,61;7,03;1148,916;289;310,15;811,69;7,99;0,00
01.01.21;16:50:00;6,11;6,63;885,450;299;286,36;766,09;7,90;0,07
01.01.21;17:00:00;6,85;7,30;1307,481;292;284,83;843,19;7,84;0,01
01.01.21;17:10:00;6,18;6,77;942,688;284;282,22;782,64;7,98;0,15
01.01.21;17:20:00;7,00;7,89;1697,058;278;264,80;911,25;7,78;0,01
01.01.21;17:30:00;6,96;7,80;1616,646;269;262,26;900,97;7,79;0,01
01.01.21;17:40:00;6,21;6,87;1033,121;267;267,75;793,23;7,90;0,07
01.01.21;17:50:00;5,22;6,48;496,150;266;265,15;748,10;8,10;0,86
01.01.21;18:00:00;4,66;6,48;321,211;266;264,48;748,04;8,10;1,39
01.01.21;18:10:00;4,70;6,48;319,613;266;256,93;748,23;8,12;1,43
01.01.21;18:20:00;5,05;6,48;524,519;253;251,82;748,32;8,07;0,79
01.01.21;18:30:00;5,10;6,48;523,580;253;268,64;748,17;8,07;0,81
01.01.21;18:40:00;5,46;6,48;608,786;261;269,08;748,35;8,20;0,51
01.01.21;18:50:00;5,93;6,57;865,795;273;280,38;758,95;8,40;0,01
01.01.21;19:00:00;6,45;7,01;1135,636;301;318,08;810,02;8,26;0,01
01.01.21;19:10:00;7,54;8,34;2015,790;311;306,76;964,05;8,09;0,01
01.01.21;19:20:00;8,06;9,16;2678,783;302;297,71;1057,47;7,97;0,01
01.01.21;19:30:00;7,46;8,05;1786,841;299;304,33;929,98;7,78;0,01
01.01.21;19:40:00;5,66;6,56;642,944;302;328,35;757,74;7,81;0,57
01.01.21;19:50:00;4,58;6,48;293,985;314;294,03;748,16;7,84;1,37
01.01.21;20:00:00;5,47;6,58;672,181;301;298,99;759,88;7,82;0,61
01.01.21;20:10:00;5,61;6,53;809,540;301;293,32;754,08;7,55;0,11
01.01.21;20:20:00;5,16;6,48;544,554;295;279,37;748,02;7,66;0,72
01.01.21;20:30:00;6,22;6,96;1010,918;289;306,33;804,75;7,50;0,39
01.01.21;20:40:00;6,67;7,41;1300,218;309;309,91;855,61;7,41;0,23
01.01.21;20:50:00;3,69;6,48;92,650;311;298,85;747,89;7,72;1,50
01.01.21;21:00:00;2,54;6,48;-35,662;303;281,69;748,05;7,90;1,50
01.01.21;21:10:00;2,76;1,47;-19,297;289;261,26;167,29;7,99;39,73
01.01.21;21:20:00;2,96;0,79;-7,658;277;271,38;91,18;7,85;45,01
01.01.21;21:30:00;3,03;0,81;-7,633;277;275,87;93,77;7,90;45,01
01.01.21;21:40:00;4,00;1,69;15,025;268;255,10;197,73;7,97;37,02
01.01.21;21:50:00;5,73;6,89;806,296;264;261,50;796,37;7,52;0,70
01.01.21;22:00:00;5,52;6,66;601,568;294;331,97;769,18;7,79;0,70
01.01.21;22:10:00;7,09;7,83;1665,598;329;330,39;905,33;7,92;0,02
01.01.21;22:20:00;7,81;8,96;2483,904;324;319,47;1034,34;7,94;0,02
01.01.21;22:30:00;6,56;7,51;1430,523;316;314,94;866,83;7,99;0,02
01.01.21;22:40:00;5,68;6,52;733,832;309;293,10;753,34;8,17;0,28
01.01.21;22:50:00;6,68;7,25;1285,174;305;312,29;837,97;8,19;0,02
01.01.21;23:00:00;7,52;8,55;2262,348;315;314,43;987,83;8,08;0,02
01.01.21;23:10:00;8,03;9,27;2768,311;315;310,97;1070,83;7,68;0,02
01.01.21;23:20:00;7,12;8,14;1850,559;315;314,85;940,31;7,71;0,02
01.01.21;23:30:00;6,16;6,73;970,284;315;315,72;777,89;7,87;0,03
01.01.21;23:40:00;5,07;6,48;427,511;315;310,92;748,11;8,06;1,12
01.01.21;23:50:00;4,40;6,48;274,500;315;305,38;748,22;8,14;1,41
02.01.21;00:00:00;4,63;6,48;311,459;317;329,57;748,13;8,13;1,43
02.01.21;00:10:00;6,75;7,38;1281,833;322;315,14;852,54;7,52;0,26
02.01.21;00:20:00;3,27;5,14;39,278;316;302,39;591,45;7,64;12,00
02.01.21;00:30:00;2,72;0,56;-21,153;284;270,83;64,10;7,92;45,01
02.01.21;00:40:00;2,83;0,66;-19,323;278;288,78;76,98;8,07;45,01
02.01.21;00:50:00;3,28;0,76;-22,414;288;345,38;89,54;8,19;42,67
02.01.21;01:00:00;5,02;6,36;366,542;320;332,99;736,25;8,19;1,54
02.01.21;01:10:00;4,91;6,48;410,840;320;322,42;748,30;8,20;1,13
02.01.21;01:20:00;4,71;6,48;350,165;320;325,60;748,38;8,17;1,41
02.01.21;01:30:00;4,69;6,48;338,365;320;324,59;748,07;8,17;1,37
02.01.21;01:40:00;4,62;6,48;323,453;319;304,22;748,40;8,21;1,36
02.01.21;01:50:00;4,46;6,48;271,831;311;328,36;748,06;8,18;1,50
02.01.21;02:00:00;4,41;6,48;315,538;320;320,83;748,31;8,19;1,41
02.01.21;02:10:00;4,02;6,48;179,074;320;323,47;748,15;8,19;1,51
02.01.21;02:20:00;4,18;6,48;216,681;320;319,54;748,15;8,20;1,51
02.01.21;02:30:00;4,57;6,48;358,597;320;320,03;748,31;8,17;1,11
02.01.21;02:40:00;4,30;6,48;223,083;320;311,91;747,97;8,17;1,49
02.01.21;02:50:00;3,79;6,48;50,716;327;346,47;748,27;8,27;1,51
02.01.21;03:00:00;4,05;6,48;115,485;337;336,27;748,20;8,18;1,51
02.01.21;03:10:00;3,62;6,48;63,075;334;346,34;748,13;8,15;1,51
02.01.21;03:20:00;3,17;6,48;16,075;334;338,08;748,14;8,14;1,51
02.01.21;03:30:00;2,55;1,92;-22,125;334;317,92;219,09;8,26;35,86
02.01.21;03:40:00;2,54;0,57;-7,726;334;341,83;67,78;8,19;45,01
02.01.21;03:50:00;5,11;2,44;66,896;358;59,92;284,89;7,93;31,52
02.01.21;04:00:00;4,27;6,47;199,936;34;50,63;747,91;7,74;1,36
02.01.21;04:10:00;2,69;2,68;-24,208;34;5,44;318,10;7,84;28,89
02.01.21;04:20:00;2,66;0,04;-9,914;32;355,49;44,31;7,83;45,01
02.01.21;04:30:00;2,93;0,49;-10,048;32;356,79;60,07;7,86;45,01
02.01.21;04:40:00;3,42;2,19;-2,796;9;1,11;255,17;7,82;30,37
02.01.21;04:50:00;3,98;6,48;160,438;8;0,72;748,66;7,83;1,46
02.01.21;05:00:00;5,10;6,48;500,384;8;12,76;749,01;7,68;0,89
02.01.21;05:10:00;5,24;6,47;467,631;9;19,99;748,05;7,66;0,97
02.01.21;05:20:00;5,04;6,48;452,419;12;24,09;748,24;7,67;1,03
02.01.21;05:30:00;4,91;6,48;458,352;26;25,56;748,45;7,70;1,05
02.01.21;05:40:00;4,67;6,48;346,395;26;15,51;748,13;7,74;1,36
02.01.21;05:50:00;5,69;6,53;694,483;24;29,84;754,15;7,64;0,39
02.01.21;06:00:00;5,45;6,48;622,515;24;29,64;748,19;7,50;0,47
02.01.21;06:10:00;5,09;6,48;514,854;27;36,48;748,28;7,50;0,82
02.01.21;06:20:00;4,98;6,48;474,613;32;32,42;748,37;7,50;0,91
02.01.21;06:30:00;5,08;6,48;493,825;32;39,76;748,23;7,45;0,90
02.01.21;06:40:00;6,24;6,61;903,314;32;40,63;763,90;7,28;0,05
02.01.21;06:50:00;5,96;6,54;756,361;44;66,66;755,10;7,27;0,16
02.01.21;07:00:00;5,22;6,48;577,018;58;49,78;748,40;7,21;0,62
02.01.21;07:10:00;5,50;6,52;708,789;58;51,33;753,15;7,15;0,35
02.01.21;07:20:00;5,37;6,49;650,161;47;34,14;749,48;7,18;0,45
02.01.21;07:30:00;5,04;6,48;513,895;39;46,95;748,67;7,19;0,84
02.01.21;07:40:00;4,89;6,48;441,989;39;55,13;748,15;7,13;1,04
02.01.21;07:50:00;4,57;6,48;337,450;44;46,02;748,05;7,17;1,38
02.01.21;08:00:00;4,55;6,48;358,443;44;46,13;749,15;7,15;1,12
02.01.21;08:10:00;5,30;6,49;627,444;44;41,00;750,20;7,18;0,52
02.01.21;08:20:00;5,01;6,48;394,969;49;56,66;748,40;7,18;1,16
02.01.21;08:30:00;4,49;6,47;290,747;49;57,28;747,98;7,16;1,34
02.01.21;08:40:00;4,18;6,48;232,116;51;62,61;748,28;7,21;1,49
02.01.21;08:50:00;4,61;6,48;331,636;56;53,51;748,18;7,16;1,35
02.01.21;09:00:00;4,32;6,49;349,381;56;59,29;749,78;7,25;0,99
02.01.21;09:10:00;5,67;6,48;657,596;56;58,34;748,43;7,10;0,35
02.01.21;09:20:00;5,14;6,48;479,308;56;61,86;748,14;7,09;0,95
02.01.21;09:30:00;4,25;6,48;243,779;57;70,75;748,02;7,14;1,47
02.01.21;09:40:00;3,65;6,48;99,207;61;57,73;748,14;7,15;1,51
02.01.21;09:50:00;3,30;6,48;34,605;61;59,98;748,17;7,19;1,51
02.01.21;10:00:00;3,45;6,48;95,404;61;55,32;748,49;7,17;1,50
02.01.21;10:10:00;3,50;6,48;88,963;61;63,06;748,08;7,24;1,51
02.01.21;10:20:00;3,41;6,48;63,059;61;67,78;748,06;7,50;1,51
02.01.21;10:30:00;3,74;6,48;112,201;58;54,38;748,46;7,23;1,52
02.01.21;10:40:00;3,58;6,48;65,137;55;59,70;748,19;7,59;1,52
02.01.21;10:50:00;3,82;6,48;110,713;55;61,53;748,27;7,66;1,52
02.01.21;11:00:00;4,16;6,48;178,796;55;61,39;748,09;7,43;1,52
02.01.21;11:10:00;3,96;6,48;137,861;55;64,65;748,32;7,79;1,52
02.01.21;11:20:00;3,95;6,48;146,672;55;61,66;748,22;7,76;1,52
02.01.21;11:30:00;3,86;6,48;155,469;57;65,68;748,07;8,00;1,52
02.01.21;11:40:00;4,42;6,48;273,839;63;60,39;748,34;7,96;1,45
02.01.21;11:50:00;4,50;6,48;293,377;63;53,05;748,43;7,97;1,37
02.01.21;12:00:00;4,83;6,48;413,056;63;58,64;748,00;7,52;1,16
02.01.21;12:10:00;4,53;6,48;250,386;57;39,13;748,30;7,73;1,44
02.01.21;12:20:00;4,43;6,48;280,999;49;41,98;748,00;7,55;1,49
02.01.21;12:30:00;4,15;6,48;206,967;49;44,23;748,20;7,10;1,50
02.01.21;12:40:00;3,94;6,48;149,789;49;36,85;748,16;6,85;1,51
02.01.21;12:50:00;3,38;6,48;53,629;49;42,19;748,10;6,76;1,51
02.01.21;13:00:00;4,03;6,48;152,528;46;44,03;748,39;6,71;1,51
02.01.21;13:10:00;4,38;6,48;246,951;53;67,05;748,22;6,62;1,42
02.01.21;13:20:00;4,61;6,48;322,945;68;86,07;748,04;6,40;1,44
02.01.21;13:30:00;4,82;6,48;437,571;80;69,91;748,50;6,26;1,12
02.01.21;13:40:00;4,51;6,48;262,811;71;55,54;747,98;6,21;1,43
02.01.21;13:50:00;4,39;6,48;271,452;61;73,33;748,14;6,12;1,38
02.01.21;14:00:00;3,94;6,47;132,506;69;69,10;747,82;6,08;1,51
02.01.21;14:10:00;3,56;6,48;31,523;69;73,80;748,33;6,20;1,51
02.01.21;14:20:00;3,88;6,48;81,793;68;59,32;748,03;6,16;1,51
02.01.21;14:30:00;3,80;6,48;81,219;74;85,45;748,19;6,04;1,51
02.01.21;14:40:00;4,42;6,48;278,575;81;77,44;748,40;5,88;1,28
02.01.21;14:50:00;4,11;6,48;213,682;79;69,11;748,09;5,77;1,47
02.01.21;15:00:00;3,16;5,45;17,684;82;91,80;626,90;5,80;9,75
02.01.21;15:10:00;3,03;0,64;-20,309;84;60,62;76,37;6,02;44,46
02.01.21;15:20:00;3,61;5,91;62,342;73;70,26;684,06;6,00;3,62
02.01.21;15:30:00;4,71;6,48;334,546;75;77,13;748,38;6,02;1,17
02.01.21;15:40:00;4,78;6,48;364,633;74;65,83;748,53;5,94;1,29
02.01.21;15:50:00;5,11;6,47;500,686;67;67,54;748,04;5,76;0,85
02.01.21;16:00:00;4,04;6,48;191,741;78;79,40;748,18;5,94;1,46
02.01.21;16:10:00;4,29;6,47;241,165;71;63,54;747,98;5,95;1,37
02.01.21;16:20:00;4,42;6,48;274,119;71;82,30;748,23;5,98;1,35
02.01.21;16:30:00;4,17;6,48;208,213;80;72,83;748,40;5,97;1,46
02.01.21;16:40:00;3,77;6,48;103,394;80;69,46;748,23;5,97;1,49
02.01.21;16:50:00;4,92;6,48;432,934;67;65,47;748,42;5,92;1,17
02.01.21;17:00:00;5,14;6,48;509,431;67;59,17;749,07;5,89;0,78
02.01.21;17:10:00;5,54;6,57;720,686;67;65,01;759,51;5,77;0,48
02.01.21;17:20:00;4,96;6,47;426,610;67;64,71;747,80;5,78;1,08
02.01.21;17:30:00;5,70;6,77;792,031;67;63,74;782,58;5,88;0,57
02.01.21;17:40:00;6,06;6,57;858,366;68;87,05;759,36;5,89;0,07
02.01.21;17:50:00;4,69;6,47;348,219;77;76,08;747,77;6,03;1,21
02.01.21;18:00:00;3,99;6,48;150,077;75;52,10;748,28;6,26;1,51
02.01.21;18:10:00;4,16;6,48;175,161;77;75,01;748,32;6,33;1,51
02.01.21;18:20:00;5,51;6,50;662,280;78;57,25;750,60;6,36;0,40
02.01.21;18:30:00;6,06;6,67;932,488;67;63,37;770,58;6,15;0,02
02.01.21;18:40:00;5,72;6,64;829,717;51;69,86;766,79;6,10;0,28
02.01.21;18:50:00;6,23;6,85;984,713;65;77,89;791,66;6,16;0,19
02.01.21;19:00:00;6,30;6,86;1038,732;68;64,32;792,06;6,10;0,04
02.01.21;19:10:00;4,96;6,48;405,865;55;32,30;748,18;6,28;0,95
02.01.21;19:20:00;4,60;6,48;291,111;60;76,91;748,11;6,31;1,44
02.01.21;19:30:00;4,58;6,47;351,307;74;67,34;748,07;6,34;1,33
02.01.21;19:40:00;5,13;6,57;548,236;71;58,20;759,40;6,36;0,82
02.01.21;19:50:00;5,67;6,51;654,352;62;69,67;752,50;6,36;0,56
02.01.21;20:00:00;6,59;7,32;1334,756;62;50,92;846,11;6,25;0,01
02.01.21;20:10:00;6,41;6,96;1092,599;53;59,18;804,03;6,25;0,07
02.01.21;20:20:00;5,78;6,54;760,875;54;56,01;755,54;6,27;0,27
02.01.21;20:30:00;5,34;6,49;608,180;54;48,03;750,20;6,34;0,58
02.01.21;20:40:00;4,89;6,48;482,704;48;48,10;748,54;6,37;0,95
02.01.21;20:50:00;5,68;6,57;769,096;48;45,49;759,04;6,39;0,37
02.01.21;21:00:00;5,32;6,48;617,127;48;49,66;748,98;6,36;0,52
02.01.21;21:10:00;5,32;6,50;637,882;48;38,71;751,19;6,40;0,53
02.01.21;21:20:00;5,85;6,71;847,213;49;49,14;775,60;6,39;0,34
02.01.21;21:30:00;6,48;7,06;1181,241;51;55,81;815,41;6,37;0,01
02.01.21;21:40:00;7,06;7,87;1683,544;61;56,59;909,31;6,27;0,01
02.01.21;21:50:00;7,25;7,87;1671,896;58;60,41;908,89;6,13;0,01
02.01.21;22:00:00;6,70;7,25;1284,227;59;65,32;837,51;6,08;0,01
02.01.21;22:10:00;7,04;7,90;1700,625;57;55,06;912,39;6,00;0,01
02.01.21;22:20:00;6,22;6,97;1129,209;55;50,35;805,01;6,00;0,01
02.01.21;22:30:00;7,29;7,81;1647,872;55;50,73;902,46;5,92;0,02
02.01.21;22:40:00;6,19;6,87;1007,834;54;48,50;793,26;6,00;0,14
02.01.21;22:50:00;5,92;6,57;819,461;54;54,14;758,82;5,96;0,11
02.01.21;23:00:00;6,25;6,71;987,278;54;48,66;775,63;5,90;0,01
02.01.21;23:10:00;5,27;6,49;436,083;44;20,86;749,37;5,94;1,05
02.01.21;23:20:00;3,75;6,47;88,911;31;34,17;747,93;6,11;1,51
02.01.21;23:30:00;3,09;6,48;7,229;46;62,42;748,35;6,30;1,51
02.01.21;23:40:00;3,22;6,48;22,858;56;62,17;748,20;6,36;1,51
02.01.21;23:50:00;3,14;6,47;10,282;57;61,94;747,25;6,42;1,69
03.01.21;00:00:00;2,82;0,79;-10,699;57;59,46;89,30;6,61;44,87
03.01.21;00:10:00;4,97;4,15;294,370;82;106,76;482,10;6,62;17,32
03.01.21;00:20:00;5,18;6,52;465,451;103;100,40;753,07;6,61;1,04
03.01.21;00:30:00;8,41;9,08;2647,207;81;76,31;1048,94;5,77;0,00
03.01.21;00:40:00;7,90;8,57;2206,052;85;86,07;990,26;5,55;0,00
03.01.21;00:50:00;7,27;7,94;1732,200;79;75,64;916,87;5,38;0,00
03.01.21;01:00:00;6,28;6,95;1118,599;74;75,19;803,58;5,38;0,00
03.01.21;01:10:00;5,46;6,60;725,501;74;68,96;762,84;5,70;0,49
03.01.21;01:20:00;4,41;6,48;210,887;70;52,23;748,32;5,89;1,43
03.01.21;01:30:00;5,91;6,73;875,410;78;94,48;778,10;6,03;0,29
03.01.21;01:40:00;5,59;6,65;808,891;84;77,89;768,06;6,03;0,33
03.01.21;01:50:00;6,07;6,75;949,593;84;83,46;779,90;6,15;0,09
03.01.21;02:00:00;5,78;6,63;840,887;84;84,51;765,58;6,27;0,21
03.01.21;02:10:00;4,68;6,48;306,159;98;113,48;748,20;6,43;1,29
03.01.21;02:20:00;5,26;6,48;416,127;106;127,63;748,47;6,50;1,11
03.01.21;02:30:00;6,58;7,15;1219,057;110;92,20;826,11;6,39;0,07
03.01.21;02:40:00;6,94;7,53;1477,261;104;114,71;870,45;6,36;0,01
03.01.21;02:50:00;8,36;8,89;2629,204;97;78,49;1027,53;6,15;0,01
03.01.21;03:00:00;8,86;9,75;3376,892;80;84,52;1126,18;5,48;0,01
03.01.21;03:10:00;8,13;9,04;2583,422;80;81,69;1044,26;5,37;0,01
03.01.21;03:20:00;7,92;8,73;2340,265;80;81,95;1008,78;5,37;0,01
03.01.21;03:30:00;7,49;8,20;1916,863;83;83,50;946,96;5,48;0,02
03.01.21;03:40:00;7,14;7,79;1624,631;86;87,15;899,33;5,59;0,02
03.01.21;03:50:00;8,10;8,87;2501,380;84;79,17;1024,23;5,46;0,02
03.01.21;04:00:00;7,47;8,31;1991,591;80;81,37;959,43;5,17;0,02
03.01.21;04:10:00;6,89;7,70;1572,003;82;89,41;889,58;5,07;0,02
03.01.21;04:20:00;6,34;6,94;1100,164;95;103,79;802,19;5,18;0,04
03.01.21;04:30:00;7,29;7,62;1532,186;104;125,24;880,32;4,83;0,02
03.01.21;04:40:00;6,32;6,94;998,724;117;121,98;802,16;4,94;0,29
03.01.21;04:50:00;6,24;6,96;1070,147;123;144,24;804,42;4,76;0,13
03.01.21;05:00:00;4,44;6,47;269,141;135;134,61;747,72;4,81;1,27
03.01.21;05:10:00;3,09;6,48;-37,396;130;105,21;748,10;5,28;1,51
03.01.21;05:20:00;3,05;1,53;-23,680;109;58,72;182,27;5,46;36,67
03.01.21;05:30:00;7,64;8,00;2326,711;79;84,44;926,00;5,81;2,90
03.01.21;05:40:00;8,62;9,42;3068,952;81;82,34;1087,32;5,93;0,03
03.01.21;05:50:00;7,82;8,73;2360,210;84;82,80;1009,24;6,03;0,03
03.01.21;06:00:00;8,22;9,15;2679,041;83;80,93;1056,64;5,98;0,03
03.01.21;06:10:00;8,17;9,01;2588,497;83;82,98;1040,68;5,99;0,03
03.01.21;06:20:00;8,67;9,50;3060,505;80;75,21;1097,71;6,02;0,03
03.01.21;06:30:00;8,72;9,82;3347,286;75;72,43;1134,21;6,01;0,03
03.01.21;06:40:00;8,85;9,93;3521,213;73;74,58;1146,83;6,02;0,03
03.01.21;06:50:00;9,57;9,94;3873,922;79;85,35;1147,70;5,70;0,03
03.01.21;07:00:00;7,64;8,33;2018,218;81;69,79;962,77;5,69;0,03
03.01.21;07:10:00;8,28;8,92;2563,362;76;84,62;1030,37;6,00;0,03
03.01.21;07:20:00;9,44;9,84;3957,478;83;84,99;1136,85;5,94;0,02
03.01.21;07:30:00;9,19;9,93;4199,974;81;82,07;1147,57;5,98;0,04
03.01.21;07:40:00;9,19;9,69;4072,764;81;84,36;1119,59;5,85;0,04
03.01.21;07:50:00;8,26;9,12;2769,278;84;79,89;1054,05;5,85;0,03
03.01.21;08:00:00;8,96;9,64;3259,723;77;70,46;1113,89;5,93;0,03
03.01.21;08:10:00;8,60;9,72;3356,491;73;74,64;1122,54;6,00;0,03
03.01.21;08:20:00;8,79;9,42;3172,530;77;79,78;1088,26;6,07;0,03
03.01.21;08:30:00;9,13;9,89;3666,667;79;77,20;1142,08;5,98;0,02
03.01.21;08:40:00;9,22;10,07;4159,868;76;67,02;1163,23;5,48;0,01
03.01.21;08:50:00;8,29;9,00;2560,027;72;72,46;1039,35;5,32;0,01
03.01.21;09:00:00;7,50;8,07;1867,605;71;69,18;932,00;5,53;0,01
03.01.21;09:10:00;9,23;9,70;3845,448;80;87,45;1120,05;5,94;0,06
03.01.21;09:20:00;9,91;10,09;4826,015;84;83,87;1165,73;5,93;0,07
03.01.21;09:30:00;9,54;10,02;4491,247;83;83,87;1157,18;5,91;0,00
03.01.21;09:40:00;9,78;10,03;4674,413;84;86,17;1158,10;5,92;0,04
03.01.21;09:50:00;9,70;10,04;4758,120;87;86,08;1159,92;5,91;0,08
03.01.21;10:00:00;10,78;10,09;5752,415;85;85,15;1165,49;5,78;0,98
03.01.21;10:10:00;10,55;10,10;5820,097;84;84,89;1166,43;5,73;0,76
03.01.21;10:20:00;9,62;9,97;4535,331;88;87,49;1151,94;5,80;0,07
03.01.21;10:30:00;10,09;10,09;4864,067;87;87,24;1165,80;5,85;0,19
03.01.21;10:40:00;10,63;10,11;5513,636;85;82,22;1167,50;5,66;1,12
03.01.21;10:50:00;11,54;10,11;6343,548;81;84,11;1167,60;5,44;3,65
03.01.21;11:00:00;11,37;10,11;6351,661;81;82,99;1167,99;5,41;3,33
03.01.21;11:10:00;11,18;10,11;6301,567;81;79,53;1168,35;5,31;2,78
03.01.21;11:20:00;11,14;10,11;6083,965;82;86,81;1167,27;5,31;2,21
03.01.21;11:30:00;9,69;9,89;4436,117;82;86,09;1142,60;5,35;0,19
03.01.21;11:40:00;9,57;9,97;4235,080;83;83,81;1151,75;5,33;0,02
03.01.21;11:50:00;10,07;10,10;5073,858;80;75,96;1166,74;5,26;0,22
03.01.21;12:00:00;10,12;10,10;5201,002;78;78,21;1166,56;5,17;0,09
03.01.21;12:10:00;10,63;10,10;5382,578;80;77,92;1167,10;5,09;0,14
03.01.21;12:20:00;10,32;10,09;5258,073;77;78,95;1165,38;4,96;0,71
03.01.21;12:30:00;9,59;10,04;4088,001;76;74,31;1159,59;5,06;-0,01
03.01.21;12:40:00;9,78;10,03;4716,822;72;71,48;1158,70;5,07;0,06
03.01.21;12:50:00;9,89;10,10;4664,872;72;71,27;1166,88;5,04;0,03
03.01.21;13:00:00;9,47;10,05;4336,243;73;65,12;1160,40;5,01;0,06
03.01.21;13:10:00;9,73;10,07;4483,457;67;79,22;1162,81;4,96;0,06
03.01.21;13:20:00;9,19;9,96;4006,122;70;73,05;1150,29;5,03;0,06
03.01.21;13:30:00;9,59;10,07;4398,846;66;67,35;1162,72;4,93;0,03
03.01.21;13:40:00;9,66;10,10;4514,529;64;66,87;1165,90;4,86;0,00
03.01.21;13:50:00;10,25;10,07;4806,631;60;57,12;1163,25;4,87;0,04
03.01.21;14:00:00;9,92;10,09;4792,388;63;56,69;1165,90;4,85;0,04
03.01.21;14:10:00;9,29;9,87;3997,960;61;60,34;1140,31;4,84;0,01
03.01.21;14:20:00;9,57;9,82;4264,156;60;68,60;1134,15;4,98;0,02
03.01.21;14:30:00;10,67;10,11;5630,345;60;52,35;1167,50;4,85;0,20
03.01.21;14:40:00;10,53;10,11;5535,740;60;61,05;1167,74;4,80;0,14
03.01.21;14:50:00;9,96;9,93;4315,992;62;57,03;1146,44;4,83;3,08
03.01.21;15:00:00;9,96;9,74;3249,524;61;61,04;1124,35;4,81;6,35
03.01.21;15:10:00;9,85;9,72;3239,157;61;63,41;1122,76;4,61;6,29
03.01.21;15:20:00;9,87;9,74;3252,746;64;69,71;1124,47;4,60;6,24
03.01.21;15:30:00;9,28;9,79;3305,993;67;64,99;1130,48;4,74;4,80
03.01.21;15:40:00;9,95;9,74;3250,450;66;71,09;1124,88;4,83;6,47
03.01.21;15:50:00;10,79;9,72;3233,882;64;65,42;1122,83;4,89;8,34
03.01.21;16:00:00;10,93;9,72;3232,729;65;64,40;1122,29;4,90;9,17
03.01.21;16:10:00;10,82;9,72;3234,849;65;70,85;1123,00;4,91;8,74
03.01.21;16:20:00;10,86;9,72;3233,810;66;66,93;1122,59;4,88;8,84
03.01.21;16:30:00;11,46;9,72;3234,004;68;67,12;1122,95;4,97;9,96
03.01.21;16:40:00;12,00;9,72;3232,400;70;79,54;1122,44;5,05;10,43
03.01.21;16:50:00;11,31;9,72;3233,309;68;71,57;1122,98;5,06;9,47
03.01.21;17:00:00;11,62;9,72;3233,687;70;72,97;1122,70;5,20;9,91
03.01.21;17:10:00;11,03;9,72;3232,194;66;67,58;1122,56;5,04;8,88
03.01.21;17:20:00;10,90;9,72;3233,733;68;69,14;1122,96;5,13;8,66
03.01.21;17:30:00;10,74;9,72;3232,305;66;66,34;1122,70;5,22;8,64
03.01.21;17:40:00;11,03;9,73;3233,531;66;66,44;1123,15;5,26;9,23
03.01.21;17:50:00;12,40;9,73;3235,308;65;65,92;1123,79;5,37;11,21
03.01.21;18:00:00;12,44;9,73;3234,609;64;62,43;1123,31;5,30;11,47
03.01.21;18:10:00;12,63;9,73;3233,725;62;60,32;1123,37;5,33;12,21
03.01.21;18:20:00;13,34;9,73;3233,661;65;62,11;1123,76;5,36;12,71
03.01.21;18:30:00;13,65;9,72;3231,143;63;64,60;1122,20;5,32;13,28
03.01.21;18:40:00;14,13;9,73;3232,488;63;68,70;1123,57;5,36;13,94
03.01.21;18:50:00;13,68;9,72;3232,045;68;65,25;1123,01;5,41;13,28
03.01.21;19:00:00;14,71;9,72;3232,058;67;66,16;1122,99;5,36;14,51
03.01.21;19:10:00;13,35;9,73;3232,244;66;59,54;1123,66;5,48;13,02
03.01.21;19:20:00;14,45;9,73;3232,617;67;62,44;1123,49;5,53;14,05
03.01.21;19:30:00;13,11;9,72;3232,150;65;68,22;1123,10;5,47;12,59
03.01.21;19:40:00;13,52;9,73;3232,974;66;67,35;1123,91;5,56;13,13
03.01.21;19:50:00;14,20;9,73;3232,124;66;63,61;1123,57;5,62;13,90
03.01.21;20:00:00;14,64;9,73;3234,312;66;64,83;1124,36;5,66;14,63
03.01.21;20:10:00;15,12;9,72;3232,356;66;68,31;1123,14;5,58;15,08
03.01.21;20:20:00;14,26;9,73;3233,142;67;64,24;1123,64;5,56;13,71
03.01.21;20:30:00;15,35;9,73;3233,453;65;66,75;1124,05;5,61;15,52
03.01.21;20:40:00;14,91;9,72;3231,604;65;65,56;1123,30;5,72;14,89
03.01.21;20:50:00;14,50;9,73;3234,093;68;71,71;1123,80;5,44;13,96
03.01.21;21:00:00;13,48;9,73;3231,679;63;70,35;1123,36;5,25;12,71
03.01.21;21:10:00;14,80;9,73;3232,079;67;68,12;1123,30;5,49;14,87
03.01.21;21:20:00;14,50;9,73;3232,927;63;61,60;1123,77;5,51;14,37
03.01.21;21:30:00;14,83;9,73;3233,046;64;66,75;1123,45;5,45;14,81
03.01.21;21:40:00;14,47;9,72;3231,713;66;71,88;1122,92;5,49;14,14
03.01.21;21:50:00;13,68;9,73;3233,003;72;67,58;1123,68;5,68;13,33
03.01.21;22:00:00;14,82;9,73;3233,187;67;62,34;1124,15;5,54;14,65
03.01.21;22:10:00;15,70;9,73;3232,960;63;65,21;1123,25;5,35;15,75
03.01.21;22:20:00;15,51;9,72;3232,018;65;69,60;1123,08;5,32;15,69
03.01.21;22:30:00;15,18;9,72;3232,181;67;62,25;1122,68;5,35;15,06
03.01.21;22:40:00;14,45;9,72;3231,997;64;67,28;1122,99;5,30;14,30
03.01.21;22:50:00;15,58;9,73;3231,676;65;60,57;1123,54;5,27;15,43
03.01.21;23:00:00;15,84;9,72;3233,553;68;71,24;1123,28;5,26;15,90
03.01.21;23:10:00;15,54;9,73;3233,554;70;67,14;1123,43;5,23;15,66
03.01.21;23:20:00;15,23;9,72;3230,296;68;67,08;1122,52;5,29;15,19
03.01.21;23:30:00;15,28;9,73;3232,502;71;67,80;1123,53;5,29;15,20
03.01.21;23:40:00;15,32;9,72;3230,673;71;66,03;1122,64;5,22;15,21
03.01.21;23:50:00;15,22;9,72;3231,431;65;61,93;1122,88;5,20;14,92
04.01.21;00:00:00;14,99;9,72;3233,072;67;79,81;1122,58;5,10;14,77
04.01.21;00:10:00;14,10;9,72;3231,632;68;70,00;1122,94;5,24;13,71
04.01.21;00:20:00;15,02;9,76;3268,710;69;67,85;1127,55;5,25;14,69
04.01.21;00:30:00;15,35;9,82;3339,808;67;67,57;1134,51;5,19;15,14
04.01.21;00:40:00;15,01;9,83;3339,369;68;76,91;1134,73;5,16;14,74
04.01.21;00:50:00;15,96;9,83;3341,433;68;69,52;1135,19;5,13;15,50
04.01.21;01:00:00;15,91;9,83;3342,382;67;77,64;1135,57;5,09;15,61
04.01.21;01:10:00;15,96;9,75;3261,062;68;67,31;1125,98;4,90;15,87
04.01.21;01:20:00;15,07;9,71;3230,910;65;55,96;1121,92;4,87;15,15
04.01.21;01:30:00;14,59;9,72;3230,562;63;63,99;1122,64;4,88;14,14
04.01.21;01:40:00;14,91;9,72;3232,623;64;71,42;1122,53;4,90;14,36
04.01.21;01:50:00;15,13;9,72;3229,627;66;69,54;1122,39;5,02;14,44
04.01.21;02:00:00;15,18;9,72;3231,549;66;78,81;1122,72;5,00;15,04
04.01.21;02:10:00;16,07;9,73;3231,830;70;64,25;1123,18;4,98;15,96
04.01.21;02:20:00;15,95;9,71;3230,249;66;68,77;1121,95;4,84;15,82
04.01.21;02:30:00;14,69;9,72;3232,056;71;63,51;1122,36;4,85;14,47
04.01.21;02:40:00;15,03;9,72;3232,229;69;75,02;1122,92;4,77;14,57
04.01.21;02:50:00;14,97;9,71;3231,188;71;67,64;1121,46;4,83;14,67
04.01.21;03:00:00;13,44;9,72;3231,506;72;67,93;1123,19;4,94;12,66
04.01.21;03:10:00;14,51;9,71;3231,114;71;72,55;1122,08;4,88;14,01
04.01.21;03:20:00;14,13;9,72;3233,728;75;68,24;1123,21;4,90;13,72
04.01.21;03:30:00;14,90;9,72;3232,855;68;70,12;1122,53;4,72;14,92
04.01.21;03:40:00;13,80;9,71;3229,981;69;72,37;1121,33;4,59;13,58
04.01.21;03:50:00;13,55;9,72;3232,562;73;73,29;1122,72;4,76;13,06
04.01.21;04:00:00;14,71;9,72;3232,356;70;73,91;1122,77;4,69;14,25
04.01.21;04:10:00;14,19;9,71;3229,390;70;64,15;1121,54;4,63;14,07
04.01.21;04:20:00;13,92;9,72;3233,226;66;68,46;1122,61;4,63;13,43
04.01.21;04:30:00;14,72;9,81;3328,875;66;68,93;1132,89;4,60;14,41
04.01.21;04:40:00;13,87;9,78;3302,843;68;70,67;1129,95;4,64;13,42
04.01.21;04:50:00;13,72;9,72;3233,190;71;67,36;1122,33;4,69;13,11
04.01.21;05:00:00;13,87;9,72;3231,515;65;72,33;1122,29;4,65;13,09
04.01.21;05:10:00;13,84;9,72;3232,318;70;56,93;1122,42;4,70;13,41
04.01.21;05:20:00;14,15;9,71;3231,503;65;70,13;1122,17;4,46;13,94
04.01.21;05:30:00;13,81;9,71;3232,447;63;70,71;1121,73;4,42;13,22
04.01.21;05:40:00;13,29;9,71;3228,917;72;88,06;1121,33;4,42;12,24
04.01.21;05:50:00;13,92;9,72;3232,639;69;64,03;1122,24;4,36;13,30
04.01.21;06:00:00;13,63;9,71;3232,304;67;58,64;1121,98;4,43;12,90
04.01.21;06:10:00;13,74;9,72;3234,055;66;65,01;1122,19;4,27;13,49
04.01.21;06:20:00;13,68;9,71;3231,563;66;64,81;1121,76;4,27;13,71
04.01.21;06:30:00;13,99;9,71;3230,989;69;70,21;1121,48;4,30;13,47
04.01.21;06:40:00;13,15;9,72;3230,960;67;62,25;1122,03;4,35;12,51
04.01.21;06:50:00;14,12;9,71;3230,328;64;69,76;1121,19;4,22;13,59
04.01.21;07:00:00;13,09;9,71;3231,182;64;69,93;1121,35;4,14;12,66
04.01.21;07:10:00;13,09;9,71;3232,133;65;71,37;1121,10;4,19;12,37
04.01.21;07:20:00;12,30;9,71;3232,373;66;64,72;1121,79;4,23;11,53
04.01.21;07:30:00;13,17;9,71;3232,983;62;60,53;1122,07;4,19;12,73
04.01.21;07:40:00;13,10;9,71;3230,898;63;61,47;1121,10;4,10;12,29
04.01.21;07:50:00;13,50;9,71;3231,669;65;72,63;1121,40;4,07;12,80
04.01.21;08:00:00;13,33;9,71;3234,070;65;68,54;1121,85;3,98;12,57
04.01.21;08:10:00;13,15;9,71;3231,582;67;66,05;1121,05;4,02;12,26
04.01.21;08:20:00;13,05;9,72;3234,410;65;74,07;1122,30;4,02;12,12
04.01.21;08:30:00;12,87;9,70;3229,240;70;67,13;1120,33;4,06;12,03
04.01.21;08:40:00;12,93;9,71;3232,256;68;78,49;1121,21;4,00;11,77
04.01.21;08:50:00;12,69;9,72;3233,831;66;51,03;1122,15;4,12;11,40
04.01.21;09:00:00;13,08;9,71;3233,936;63;63,94;1121,73;4,04;12,03
04.01.21;09:10:00;12,81;9,71;3233,778;66;68,95;1121,29;3,92;11,94
04.01.21;09:20:00;12,16;9,71;3233,191;72;70,05;1121,07;3,82;10,66
04.01.21;09:30:00;12,29;9,71;3232,746;69;55,71;1121,22;3,88;10,83
04.01.21;09:40:00;13,14;9,71;3233,607;57;56,88;1121,30;3,75;12,31
04.01.21;09:50:00;12,19;9,71;3235,214;59;55,07;1121,79;3,79;10,62
04.01.21;10:00:00;12,44;9,70;3230,590;54;46,50;1120,84;3,76;11,57
04.01.21;10:10:00;12,03;9,71;3234,063;55;67,67;1121,14;3,73;10,76
04.01.21;10:20:00;12,50;9,71;3233,726;59;56,19;1120,99;3,65;11,32
04.01.21;10:30:00;11,69;9,64;3232,889;62;58,78;1113,00;3,69;9,31
04.01.21;10:40:00;12,45;9,70;3232,201;55;62,05;1120,28;3,60;11,26
04.01.21;10:50:00;11,85;9,80;3389,720;59;57,75;1132,26;3,68;10,09
04.01.21;11:00:00;11,46;10,11;3877,205;59;74,40;1167,41;3,57;8,04
04.01.21;11:10:00;11,62;10,11;3876,997;61;57,85;1167,74;3,58;8,49
04.01.21;11:20:00;11,51;10,11;3877,392;62;66,45;1167,36;3,48;8,66
04.01.21;11:30:00;10,90;10,00;3878,748;66;69,72;1154,80;3,53;7,12
04.01.21;11:40:00;10,64;10,11;3879,265;65;71,31;1167,80;3,57;6,14
04.01.21;11:50:00;11,20;10,11;3882,335;67;64,00;1167,99;3,52;7,91
04.01.21;12:00:00;10,50;10,11;3899,002;65;67,14;1168,06;3,57;5,84
04.01.21;12:10:00;11,21;10,11;3877,260;64;58,40;1167,39;3,51;7,74
04.01.21;12:20:00;11,11;10,11;3880,761;66;67,02;1167,51;3,51;6,91
04.01.21;12:30:00;10,25;10,11;3878,793;62;64,34;1167,38;3,49;5,40
04.01.21;12:40:00;10,65;10,11;3890,484;60;62,67;1168,20;3,50;6,27
04.01.21;12:50:00;10,65;10,09;3847,148;61;65,55;1164,72;3,50;6,18
04.01.21;13:00:00;9,94;10,11;3854,208;69;71,67;1167,47;3,81;3,93
04.01.21;13:10:00;10,66;10,11;3856,140;66;67,70;1167,43;3,69;7,20
04.01.21;13:20:00;10,27;10,10;3829,434;62;61,63;1166,51;3,77;5,54
04.01.21;13:30:00;9,92;10,10;3792,107;62;66,55;1166,92;3,87;4,90
04.01.21;13:40:00;10,98;10,10;3758,070;68;68,12;1166,46;3,74;7,49
04.01.21;13:50:00;10,79;10,10;3755,176;63;68,14;1166,26;3,81;7,20
04.01.21;14:00:00;10,88;10,10;3763,048;61;55,03;1166,28;3,86;7,72
04.01.21;14:10:00;11,29;10,09;3755,267;57;59,94;1165,91;3,86;8,22
04.01.21;14:20:00;11,28;10,10;3755,222;62;64,43;1166,28;3,99;8,07
04.01.21;14:30:00;11,28;10,09;3754,391;63;67,35;1165,74;3,86;8,30
04.01.21;14:40:00;11,11;10,10;3756,084;62;59,48;1166,03;3,84;7,85
04.01.21;14:50:00;10,41;10,09;3758,031;70;65,77;1165,85;3,82;6,32
04.01.21;15:00:00;10,35;10,10;3755,354;67;71,79;1166,18;3,79;6,19
04.01.21;15:10:00;10,44;9,62;3180,275;74;74,05;1111,44;3,85;7,68
04.01.21;15:20:00;10,70;9,36;2891,114;71;81,23;1081,02;3,87;8,83
04.01.21;15:30:00;10,44;9,37;2884,969;75;67,42;1081,94;3,95;7,06
04.01.21;15:40:00;10,93;9,36;2890,002;70;79,08;1080,98;3,85;9,27
04.01.21;15:50:00;10,32;9,37;2890,460;67;81,70;1081,79;4,00;7,80
04.01.21;16:00:00;10,56;9,36;2890,228;67;59,34;1081,66;4,07;8,51
04.01.21;16:10:00;10,96;9,37;2889,565;63;68,65;1081,75;4,09;9,61
04.01.21;16:20:00;11,06;9,37;2891,317;65;62,04;1082,37;4,17;9,97
04.01.21;16:30:00;11,98;9,36;2889,408;64;65,63;1081,61;4,13;11,43
04.01.21;16:40:00;11,75;9,37;2890,012;64;61,96;1081,87;4,17;10,87
04.01.21;16:50:00;11,54;9,36;2888,305;63;64,14;1081,61;4,18;10,72
04.01.21;17:00:00;11,63;9,37;2889,126;71;81,75;1081,84;4,25;10,68
04.01.21;17:10:00;11,29;9,37;2889,760;66;63,78;1081,95;4,26;9,72
04.01.21;17:20:00;11,38;9,37;2891,104;62;64,37;1082,21;4,24;10,24
04.01.21;17:30:00;11,93;9,37;2889,718;61;64,10;1082,11;4,34;10,74
04.01.21;17:40:00;12,70;9,36;2887,744;65;62,11;1081,60;4,32;12,63
04.01.21;17:50:00;11,61;9,37;2890,082;64;67,39;1081,88;4,27;11,55
04.01.21;18:00:00;11,94;9,37;2890,497;64;69,54;1081,79;4,25;11,49
04.01.21;18:10:00;11,78;9,37;2890,243;69;71,53;1081,71;4,27;11,38
04.01.21;18:20:00;12,17;9,37;2890,954;70;70,02;1082,11;4,32;11,52
04.01.21;18:30:00;11,35;9,37;2890,398;76;71,75;1082,15;4,44;10,26
04.01.21;18:40:00;12,07;9,37;2890,237;72;75,38;1082,26;4,31;11,90
04.01.21;18:50:00;12,50;9,37;2891,746;70;58,51;1082,28;4,30;12,23
04.01.21;19:00:00;11,85;9,36;2888,938;68;73,18;1081,61;4,23;11,16
04.01.21;19:10:00;11,91;9,37;2888,929;69;70,18;1082,10;4,28;11,40
04.01.21;19:20:00;12,23;9,37;2889,766;69;64,17;1081,77;4,28;12,06
04.01.21;19:30:00;11,73;9,37;2890,001;71;71,89;1081,99;4,32;10,92
04.01.21;19:40:00;12,24;9,36;2888,672;67;64,20;1081,59;4,25;11,87
04.01.21;19:50:00;12,07;9,37;2891,529;68;67,88;1082,31;4,34;11,79
04.01.21;20:00:00;12,36;9,36;2889,192;67;69,08;1081,57;4,34;11,96
04.01.21;20:10:00;11,72;9,37;2890,429;67;63,60;1082,17;4,32;11,40
04.01.21;20:20:00;12,18;9,37;2891,044;66;59,00;1082,08;4,38;11,97
04.01.21;20:30:00;12,16;9,37;2890,708;66;66,75;1082,31;4,42;11,53
04.01.21;20:40:00;12,50;9,36;2889,153;66;63,16;1081,70;4,35;12,18
04.01.21;20:50:00;12,55;9,38;2891,733;65;66,39;1082,97;4,48;12,38
04.01.21;21:00:00;12,69;9,37;2888,224;65;62,77;1081,90;4,46;12,92
04.01.21;21:10:00;12,15;9,37;2889,454;68;69,05;1082,13;4,59;11,69
04.01.21;21:20:00;12,67;9,37;2889,962;67;69,37;1082,51;4,54;12,57
04.01.21;21:30:00;13,19;9,37;2888,109;68;61,49;1082,30;4,54;13,50
04.01.21;21:40:00;13,23;9,37;2890,303;66;66,62;1082,22;4,61;13,39
04.01.21;21:50:00;13,13;9,37;2890,604;68;70,22;1082,42;4,68;12,62
04.01.21;22:00:00;12,87;9,37;2888,464;63;65,50;1082,15;4,63;12,48
04.01.21;22:10:00;13,09;9,37;2889,625;66;65,31;1082,56;4,62;13,34
04.01.21;22:20:00;13,46;9,37;2891,078;62;62,08;1082,66;4,58;13,71
04.01.21;22:30:00;13,40;9,37;2889,668;62;68,99;1082,14;4,58;13,64
04.01.21;22:40:00;13,87;9,37;2890,034;64;58,12;1081,97;4,52;14,31
04.01.21;22:50:00;13,24;9,37;2889,868;64;67,04;1082,13;4,57;13,34
04.01.21;23:00:00;13,45;9,37;2889,666;64;63,40;1082,38;4,53;13,62
04.01.21;23:10:00;13,50;9,37;2888,884;61;60,45;1081,98;4,50;13,34
04.01.21;23:20:00;13,24;9,37;2889,773;62;63,63;1082,57;4,58;13,05
04.01.21;23:30:00;13,65;9,37;2890,926;62;60,13;1082,78;4,51;13,91
04.01.21;23:40:00;13,63;9,37;2888,705;62;59,24;1081,85;4,54;13,69
04.01.21;23:50:00;13,73;9,37;2890,485;60;55,30;1082,36;4,58;13,36
05.01.21;00:00:00;13,53;9,37;2888,509;61;61,08;1082,06;4,62;13,16
05.01.21;00:10:00;13,20;9,37;2888,001;61;61,80;1082,01;4,67;13,11
05.01.21;00:20:00;13,49;9,37;2889,333;61;60,15;1082,57;4,61;13,39
05.01.21;00:30:00;13,12;9,37;2888,097;61;60,21;1081,85;4,69;12,96
05.01.21;00:40:00;13,71;9,37;2890,153;61;52,84;1082,71;4,63;13,50
05.01.21;00:50:00;13,78;9,37;2890,409;61;62,83;1082,61;4,52;13,73
05.01.21;01:00:00;13,65;9,37;2891,223;62;59,06;1082,41;4,46;13,54
05.01.21;01:10:00;13,69;9,37;2889,579;61;59,09;1082,13;4,58;13,21
05.01.21;01:20:00;13,61;9,37;2890,091;61;54,43;1082,71;4,53;13,60
05.01.21;01:30:00;13,44;9,37;2890,223;58;59,97;1082,15;4,58;13,52
05.01.21;01:40:00;13,89;9,36;2887,398;58;59,66;1081,60;4,47;14,12
05.01.21;01:50:00;13,46;9,37;2888,825;59;51,49;1082,04;4,56;13,24
05.01.21;02:00:00;12,99;9,37;2888,024;60;61,26;1081,88;4,47;12,58
05.01.21;02:10:00;13,37;9,37;2887,850;61;63,49;1082,31;4,46;13,44
05.01.21;02:20:00;13,63;9,36;2886,165;64;68,40;1081,18;4,43;13,54
05.01.21;02:30:00;13,37;9,37;2889,928;66;65,04;1082,32;4,53;13,23
05.01.21;02:40:00;13,38;9,37;2889,336;66;63,87;1082,60;4,54;13,43
05.01.21;02:50:00;13,89;9,37;2888,604;67;62,82;1081,71;4,36;13,94
05.01.21;03:00:00;13,46;9,36;2888,361;65;72,17;1081,37;4,37;13,26
05.01.21;03:10:00;13,44;9,38;2891,495;68;66,49;1082,98;4,45;13,27
05.01.21;03:20:00;13,91;9,36;2888,178;66;65,45;1081,63;4,44;14,08
05.01.21;03:30:00;13,62;9,37;2888,162;66;65,91;1082,29;4,57;13,88
05.01.21;03:40:00;13,66;9,37;2889,063;66;61,71;1082,44;4,67;13,52
05.01.21;03:50:00;14,07;9,37;2888,479;62;56,50;1082,09;4,63;14,29
05.01.21;04:00:00;14,30;9,37;2888,063;68;72,07;1082,26;4,55;14,47
05.01.21;04:10:00;14,35;9,37;2889,267;69;69,10;1081,85;4,35;14,91
05.01.21;04:20:00;14,69;9,37;2891,145;67;63,06;1082,37;4,36;15,15
05.01.21;04:30:00;14,16;9,36;2887,131;65;78,10;1081,30;4,43;14,22
05.01.21;04:40:00;14,11;9,37;2889,812;70;66,30;1082,42;4,44;14,03
05.01.21;04:50:00;14,70;9,37;2889,103;65;60,85;1081,86;4,25;15,00
05.01.21;05:00:00;14,51;9,36;2889,231;67;57,67;1081,61;4,26;14,75
05.01.21;05:10:00;13,78;9,37;2890,030;63;67,08;1082,05;4,31;13,68
05.01.21;05:20:00;13,16;9,37;2890,115;66;66,86;1081,93;4,33;13,04
05.01.21;05:30:00;13,79;9,37;2888,092;65;61,66;1081,72;4,33;13,71
05.01.21;05:40:00;13,83;9,37;2890,886;62;62,00;1082,20;4,31;14,01
05.01.21;05:50:00;13,81;9,37;2890,640;63;64,26;1081,93;4,38;13,88
05.01.21;06:00:00;14,07;9,37;2890,699;64;64,97;1082,47;4,41;14,36
05.01.21;06:10:00;13,46;9,37;2890,602;64;62,74;1082,40;4,50;13,68
05.01.21;06:20:00;13,77;9,36;2887,571;64;61,87;1081,44;4,41;14,21
05.01.21;06:30:00;13,77;9,37;2890,410;64;59,75;1082,67;4,54;14,03
05.01.21;06:40:00;14,06;9,37;2889,946;63;68,71;1082,23;4,48;14,36
05.01.21;06:50:00;13,49;9,37;2889,027;67;63,77;1081,91;4,66;13,34
05.01.21;07:00:00;13,95;9,37;2888,257;66;65,22;1082,24;4,62;14,11
05.01.21;07:10:00;13,92;9,37;2889,246;69;68,17;1082,44;4,67;13,77
05.01.21;07:20:00;13,67;9,37;2889,502;62;62,02;1082,20;4,69;13,54
05.01.21;07:30:00;13,90;9,37;2889,273;61;64,58;1082,56;4,65;13,98
05.01.21;07:40:00;14,03;9,37;2889,816;62;70,55;1082,35;4,64;14,01
05.01.21;07:50:00;13,43;9,37;2890,138;64;60,06;1082,64;4,75;13,69
05.01.21;08:00:00;13,37;9,37;2889,556;60;61,48;1082,35;4,70;13,46
05.01.21;08:10:00;12,93;9,37;2887,638;63;55,74;1081,88;4,69;12,95
05.01.21;08:20:00;12,97;9,37;2890,832;60;68,64;1082,86;4,65;12,95
05.01.21;08:30:00;13,60;9,37;2889,758;61;65,23;1082,40;4,60;13,96
05.01.21;08:40:00;13,38;9,37;2887,952;64;69,23;1082,28;4,72;13,44
05.01.21;08:50:00;12,94;9,37;2888,205;68;70,03;1082,24;4,78;12,94
05.01.21;09:00:00;12,85;9,37;2890,742;66;64,09;1082,79;4,84;12,55
05.01.21;09:10:00;13,01;9,37;2891,480;64;71,74;1082,81;4,79;12,89
05.01.21;09:20:00;13,19;9,37;2889,913;66;68,61;1082,44;4,75;12,93
05.01.21;09:30:00;12,91;9,37;2887,996;67;67,51;1082,17;4,77;12,94
05.01.21;09:40:00;12,75;9,37;2888,935;63;71,54;1082,16;4,74;12,58
05.01.21;09:50:00;12,58;9,47;3075,022;68;65,03;1093,73;4,87;11,79
05.01.21;10:00:00;12,44;10,11;4234,782;68;67,44;1167,62;4,85;9,85
05.01.21;10:10:00;12,72;10,11;4233,617;68;62,71;1167,50;4,86;10,12
05.01.21;10:20:00;12,37;10,11;4232,878;68;66,37;1167,49;4,82;9,65
05.01.21;10:30:00;11,87;10,11;4233,544;68;71,58;1167,58;4,75;8,57
05.01.21;10:40:00;12,08;10,11;4234,262;68;68,83;1167,40;4,70;9,37
05.01.21;10:50:00;12,40;10,11;4237,164;66;65,87;1167,88;4,68;9,36
05.01.21;11:00:00;12,48;10,11;4233,902;71;65,97;1167,88;4,57;9,63
05.01.21;11:10:00;12,67;10,11;4231,666;70;69,38;1167,69;4,44;10,22
05.01.21;11:20:00;12,58;10,11;4234,356;69;60,75;1167,55;4,36;10,00
05.01.21;11:30:00;12,07;10,11;4236,377;67;67,76;1167,90;4,47;9,14
05.01.21;11:40:00;12,37;10,11;4232,880;66;60,61;1167,31;4,44;9,60
05.01.21;11:50:00;12,45;10,11;4235,900;64;62,41;1167,82;4,39;9,48
05.01.21;12:00:00;12,53;10,11;4235,002;61;66,08;1167,61;4,33;9,78
05.01.21;12:10:00;12,68;10,11;4235,948;65;70,79;1167,72;4,37;10,07
05.01.21;12:20:00;12,68;10,11;4234,469;65;65,32;1167,43;4,37;10,35
05.01.21;12:30:00;12,66;10,11;4235,228;67;63,81;1167,73;4,39;9,99
05.01.21;12:40:00;13,55;10,11;4236,373;65;70,91;1167,84;4,25;11,42
05.01.21;12:50:00;12,94;10,11;4234,382;66;65,36;1167,34;4,37;10,81
05.01.21;13:00:00;12,54;10,11;4236,506;69;68,94;1167,84;4,48;9,54
05.01.21;13:10:00;12,74;10,11;4234,068;67;66,67;1167,55;4,39;10,31
05.01.21;13:20:00;12,58;10,11;4233,674;69;64,88;1167,40;4,48;10,05
05.01.21;13:30:00;12,69;10,11;4235,015;63;69,43;1167,77;4,31;10,17
05.01.21;13:40:00;12,74;10,11;4235,101;63;74,11;1167,59;4,34;9,90
05.01.21;13:50:00;12,36;10,11;4236,487;68;58,31;1168,11;4,50;8,97
05.01.21;14:00:00;12,15;10,11;4233,876;63;70,89;1167,40;4,42;9,00
05.01.21;14:10:00;12,50;10,11;4236,178;67;70,91;1167,95;4,41;9,15
05.01.21;14:20:00;11,84;10,11;4233,700;67;61,87;1167,38;4,35;8,85
05.01.21;14:30:00;12,27;10,11;4235,834;66;70,58;1167,92;4,31;9,24
05.01.21;14:40:00;12,06;10,11;4234,189;66;69,19;1167,40;4,23;9,13
05.01.21;14:50:00;11,90;10,11;4236,039;66;71,02;1167,67;4,23;8,56
05.01.21;15:00:00;12,36;10,11;4236,102;66;70,26;1167,80;4,16;9,39
05.01.21;15:10:00;11,61;10,11;4232,239;66;66,77;1167,27;4,19;8,30
05.01.21;15:20:00;11,97;10,11;4236,502;66;65,20;1167,85;4,21;8,92
05.01.21;15:30:00;11,53;10,11;4236,460;66;66,42;1167,96;4,25;8,10
05.01.21;15:40:00;11,73;10,11;4235,633;66;62,80;1167,54;4,25;8,21
05.01.21;15:50:00;11,74;10,11;4235,528;68;68,50;1167,77;4,25;8,52
05.01.21;16:00:00;11,62;10,11;4232,447;67;71,08;1167,47;4,23;8,00
05.01.21;16:10:00;12,01;10,11;4235,271;70;82,50;1167,70;4,19;8,35
05.01.21;16:20:00;11,17;10,11;4262,060;72;75,98;1167,77;3,97;6,69
05.01.21;16:30:00;11,63;10,11;4374,625;68;66,89;1167,81;4,15;7,53
05.01.21;16:40:00;11,88;10,11;4283,943;71;73,96;1167,43;4,19;8,49
05.01.21;16:50:00;11,73;10,11;4237,297;70;67,40;1168,07;4,16;8,43
05.01.21;17:00:00;11,88;10,11;4233,965;67;75,09;1167,29;4,15;8,69
05.01.21;17:10:00;11,59;10,11;4236,329;65;68,11;1167,70;4,22;7,71
05.01.21;17:20:00;11,49;10,11;4235,781;68;72,50;1167,83;4,32;7,79
05.01.21;17:30:00;11,35;10,11;4236,416;76;65,63;1167,70;4,32;7,17
05.01.21;17:40:00;11,02;10,11;4234,013;71;69,03;1167,54;4,28;7,65
05.01.21;17:50:00;11,03;10,11;4233,978;73;79,37;1167,51;4,45;6,46
05.01.21;18:00:00;10,57;10,11;4236,333;76;71,62;1167,79;4,50;5,68
05.01.21;18:10:00;10,97;10,11;4237,023;75;85,56;1167,86;4,55;6,20
05.01.21;18:20:00;10,85;10,11;4236,009;73;77,40;1167,81;4,56;6,70
05.01.21;18:30:00;10,87;10,11;4311,235;74;74,08;1167,69;4,74;5,75
05.01.21;18:40:00;11,25;10,11;4257,759;68;69,20;1167,90;4,64;7,41
05.01.21;18:50:00;11,34;10,11;4234,952;67;76,22;1167,35;4,59;7,56
05.01.21;19:00:00;11,26;10,11;4234,494;71;72,45;1168,16;4,67;7,92
05.01.21;19:10:00;10,69;10,10;4235,199;73;73,67;1167,14;4,72;6,37
05.01.21;19:20:00;10,41;10,11;4240,831;73;74,72;1167,82;4,79;5,41
05.01.21;19:30:00;10,53;10,11;4240,469;75;68,42;1168,02;4,79;6,04
05.01.21;19:40:00;11,14;10,11;4237,732;71;71,89;1167,66;4,80;6,74
05.01.21;19:50:00;10,92;10,11;4235,692;70;65,40;1167,66;4,74;6,91
05.01.21;20:00:00;10,81;10,11;4239,009;71;72,10;1167,69;4,79;6,22
05.01.21;20:10:00;10,58;10,11;4242,348;71;70,66;1168,00;4,79;6,74
05.01.21;20:20:00;10,64;10,11;4234,971;70;75,86;1167,25;4,76;6,73
05.01.21;20:30:00;10,57;10,11;4238,963;73;69,69;1168,10;4,80;6,04
05.01.21;20:40:00;10,38;10,11;4235,599;73;71,81;1167,47;4,70;6,25
05.01.21;20:50:00;10,78;10,11;4247,223;69;68,80;1167,96;4,67;6,85
05.01.21;21:00:00;10,31;10,11;4235,856;66;63,62;1167,38;4,75;5,60
05.01.21;21:10:00;10,81;10,11;4238,537;62;63,83;1167,68;4,64;6,68
05.01.21;21:20:00;10,46;10,11;4246,200;66;66,03;1167,76;4,68;5,90
05.01.21;21:30:00;10,80;10,11;4345,438;68;58,19;1167,59;4,71;6,22
05.01.21;21:40:00;10,91;10,11;4376,173;68;65,89;1167,59;4,54;6,84
05.01.21;21:50:00;10,98;10,11;4377,918;65;64,10;1168,17;4,55;6,62
05.01.21;22:00:00;10,89;10,11;4377,231;64;64,26;1167,51;4,35;6,87
05.01.21;22:10:00;10,93;10,11;4373,189;62;63,99;1167,74;4,32;6,53
05.01.21;22:20:00;10,58;10,11;4416,917;64;64,25;1167,66;4,36;5,93
05.01.21;22:30:00;10,69;10,11;4439,846;61;58,71;1167,90;4,30;6,29
05.01.21;22:40:00;10,87;10,11;4441,064;59;56,97;1167,65;4,31;6,74
05.01.21;22:50:00;10,51;10,11;4499,932;54;51,75;1167,51;4,22;5,62
05.01.21;23:00:00;10,37;10,11;5142,164;53;66,15;1167,31;4,22;1,43
05.01.21;23:10:00;9,98;10,09;4850,575;60;53,22;1165,35;4,31;0,41
05.01.21;23:20:00;10,34;10,08;4851,766;58;62,25;1163,79;4,22;0,16
05.01.21;23:30:00;9,89;10,07;4939,561;64;58,06;1162,80;4,21;0,28
05.01.21;23:40:00;10,37;10,09;5359,548;61;59,76;1165,71;4,19;0,37
05.01.21;23:50:00;10,24;10,10;5236,021;61;54,61;1166,87;4,15;0,08
06.01.21;00:00:00;9,80;10,02;4543,762;62;61,68;1157,33;4,13;0,02
06.01.21;00:10:00;9,72;10,08;4813,197;63;54,15;1164,16;4,16;0,02
06.01.21;00:20:00;9,32;9,69;3928,417;58;73,43;1119,40;4,25;-0,01
06.01.21;00:30:00;9,47;9,90;4028,380;62;52,34;1143,70;4,35;0,01
06.01.21;00:40:00;8,99;9,74;3446,343;62;71,33;1124,60;4,34;-0,01
06.01.21;00:50:00;9,32;9,87;3766,573;65;79,18;1140,48;4,30;-0,01
06.01.21;01:00:00;9,20;9,92;3636,308;62;59,38;1145,12;4,31;-0,01
06.01.21;01:10:00;8,70;9,57;3161,655;65;65,25;1105,80;4,38;0,00
06.01.21;01:20:00;9,13;9,71;3640,109;62;55,21;1121,34;4,46;0,02
06.01.21;01:30:00;8,83;9,74;3328,097;61;64,57;1125,36;4,43;0,02
06.01.21;01:40:00;8,85;9,57;3275,249;61;71,92;1105,59;4,50;0,02
06.01.21;01:50:00;9,52;10,04;4152,558;66;68,11;1159,90;4,56;0,02
06.01.21;02:00:00;9,07;9,79;3702,517;66;63,67;1131,21;4,69;0,02
06.01.21;02:10:00;9,02;9,86;3605,363;65;65,97;1138,54;4,73;0,04
06.01.21;02:20:00;9,13;9,83;3673,761;65;57,91;1135,49;4,70;0,07
06.01.21;02:30:00;9,50;10,00;4262,872;65;60,79;1154,52;4,68;0,02
06.01.21;02:40:00;9,40;9,91;3827,815;62;70,45;1144,68;4,67;0,01
06.01.21;02:50:00;9,44;10,04;4047,628;63;71,77;1159,31;4,65;0,01
06.01.21;03:00:00;9,14;10,01;3811,205;64;67,60;1155,80;4,77;0,01
06.01.21;03:10:00;8,85;9,76;3440,269;67;63,45;1127,57;4,77;0,01
06.01.21;03:20:00;8,80;9,62;3162,540;60;63,07;1110,53;4,84;0,01
06.01.21;03:30:00;9,05;9,88;3567,766;64;66,60;1140,82;4,81;0,01
06.01.21;03:40:00;9,59;10,01;4177,373;66;57,10;1156,44;4,65;0,01
06.01.21;03:50:00;9,37;10,02;4049,885;59;63,68;1156,78;4,71;0,01
06.01.21;04:00:00;9,30;9,91;4017,053;65;60,67;1144,36;4,69;0,01
06.01.21;04:10:00;8,17;9,09;2681,493;67;74,68;1049,81;4,82;0,01
06.01.21;04:20:00;8,45;9,42;2951,541;71;59,18;1088,40;4,85;0,02
06.01.21;04:30:00;8,81;9,52;3059,954;63;73,88;1099,35;4,84;0,02
06.01.21;04:40:00;8,92;9,80;3517,519;60;52,84;1131,55;4,86;0,02
06.01.21;04:50:00;7,10;7,88;1793,829;53;42,01;910,27;4,98;0,02
06.01.21;05:00:00;9,91;10,09;4615,400;45;58,90;1165,19;4,44;-0,01
06.01.21;05:10:00;8,06;8,71;2488,253;59;67,47;1006,27;4,33;0,00
06.01.21;05:20:00;7,03;7,52;1476,353;57;56,40;869,08;4,67;0,09
06.01.21;05:30:00;7,97;8,57;2574,118;55;57,15;990,13;4,86;0,05
06.01.21;05:40:00;8,61;8,90;2994,452;53;52,19;1027,42;4,61;0,01
06.01.21;05:50:00;8,30;9,04;2631,916;49;38,46;1043,90;4,86;0,01
06.01.21;06:00:00;10,04;10,00;4775,924;44;46,59;1155,25;4,60;0,04
06.01.21;06:10:00;9,56;9,79;4185,537;45;44,50;1130,21;3,96;0,05
06.01.21;06:20:00;9,13;9,76;3757,953;44;51,15;1127,44;3,68;0,01
06.01.21;06:30:00;9,71;9,78;4259,597;52;60,19;1129,32;3,60;0,08
06.01.21;06:40:00;7,02;4,57;799,372;54;54,80;528,44;3,63;34,42
06.01.21;06:50:00;7,47;8,14;1973,373;60;61,05;940,09;4,05;0,11
06.01.21;07:00:00;8,30;8,90;2515,729;64;71,43;1028,50;3,96;0,03
06.01.21;07:10:00;6,97;7,68;1637,062;61;54,11;886,47;4,06;0,03
06.01.21;07:20:00;9,00;9,34;3417,213;61;65,86;1079,25;4,05;0,02
06.01.21;07:30:00;9,20;9,91;3960,405;62;45,84;1144,24;3,89;0,04
06.01.21;07:40:00;9,79;9,93;4110,912;52;59,53;1146,69;3,80;0,00
06.01.21;07:50:00;8,14;8,59;2245,856;54;48,05;991,69;4,05;0,00
06.01.21;08:00:00;7,80;7,91;1766,288;61;40,49;914,40;4,19;0,01
06.01.21;08:10:00;9,42;9,90;3880,161;30;44,44;1143,50;4,24;0,04
06.01.21;08:20:00;9,41;9,98;4327,057;38;29,03;1152,06;4,51;0,05
06.01.21;08:30:00;7,93;8,70;2327,077;29;41,20;1005,08;4,66;0,02
06.01.21;08:40:00;8,74;9,69;3432,738;41;58,17;1118,88;4,63;0,02
06.01.21;08:50:00;7,80;8,64;2247,056;52;48,64;997,34;4,57;0,02
06.01.21;09:00:00;8,02;8,57;2215,220;36;20,54;990,58;4,69;0,02
06.01.21;09:10:00;8,71;9,66;3303,375;45;62,09;1116,17;4,59;0,02
06.01.21;09:20:00;8,10;9,02;2575,055;60;55,48;1041,37;4,17;0,02
06.01.21;09:30:00;9,88;9,72;4543,727;47;38,74;1122,28;3,93;0,47
06.01.21;09:40:00;9,09;9,75;3797,350;42;41,68;1125,75;3,80;0,00
06.01.21;09:50:00;9,01;9,79;3852,061;42;41,19;1130,10;3,68;0,00
06.01.21;10:00:00;7,15;7,99;1797,507;39;35,65;923,12;3,86;0,00
06.01.21;10:10:00;8,39;9,08;2749,793;29;19,51;1048,58;4,09;0,00
06.01.21;10:20:00;8,85;9,65;3314,316;26;42,44;1115,08;4,09;0,00
06.01.21;10:30:00;7,55;8,37;2050,096;38;45,40;966,28;3,96;0,00
06.01.21;10:40:00;8,89;9,77;3472,976;40;38,71;1128,55;3,84;0,01
06.01.21;10:50:00;7,72;8,50;2179,669;33;19,70;981,31;3,62;0,01
06.01.21;11:00:00;6,45;7,01;1155,853;25;8,31;810,03;3,69;0,01
06.01.21;11:10:00;7,23;7,84;1851,396;16;18,38;906,26;3,95;0,01
06.01.21;11:20:00;9,94;9,98;4391,680;12;11,02;1152,72;3,74;0,01
06.01.21;11:30:00;9,08;9,55;3580,427;37;50,24;1102,89;3,80;0,12
06.01.21;11:40:00;9,02;9,75;3563,512;45;35,44;1125,91;3,67;0,02
06.01.21;11:50:00;8,89;9,40;3366,292;35;52,07;1085,96;3,32;0,02
06.01.21;12:00:00;6,73;7,25;1293,262;43;37,12;837,09;3,72;0,03
06.01.21;12:10:00;7,53;8,29;2036,475;40;37,99;957,80;4,00;0,00
06.01.21;12:20:00;8,50;9,42;2999,539;36;42,35;1088,51;3,61;0,00
06.01.21;12:30:00;8,18;9,05;2635,161;34;28,53;1045,67;3,55;0,00
06.01.21;12:40:00;8,19;8,77;2414,013;28;47,21;1012,80;3,52;0,00
06.01.21;12:50:00;7,70;8,69;2329,178;41;54,37;1003,72;3,27;0,00
06.01.21;13:00:00;7,99;8,86;2530,632;45;40,04;1023,71;3,43;0,00
06.01.21;13:10:00;8,19;9,18;2732,874;41;27,13;1060,33;3,51;0,07
06.01.21;13:20:00;7,78;8,56;2217,043;35;36,52;988,95;3,73;0,07
06.01.21;13:30:00;7,89;8,75;2386,398;36;34,42;1010,35;3,85;0,07
06.01.21;13:40:00;8,35;9,27;2816,376;36;36,11;1071,19;3,85;0,07
06.01.21;13:50:00;8,53;9,45;3162,353;33;22,07;1091,52;3,85;0,07
06.01.21;14:00:00;9,14;9,71;3796,364;31;37,09;1121,17;3,24;0,07
06.01.21;14:10:00;7,43;7,90;1718,449;35;39,75;912,32;3,71;0,02
06.01.21;14:20:00;7,29;8,00;1786,065;34;32,44;924,72;3,87;0,02
06.01.21;14:30:00;7,35;7,86;1719,544;36;38,05;907,79;3,99;0,02
06.01.21;14:40:00;8,68;9,50;3222,926;35;31,19;1097,23;3,79;0,02
06.01.21;14:50:00;9,07;9,78;3585,914;28;19,20;1128,95;3,25;0,02
06.01.21;15:00:00;6,02;7,01;1025,560;23;21,42;809,76;3,23;0,37
06.01.21;15:10:00;5,62;6,49;624,644;23;19,13;750,17;3,66;0,55
06.01.21;15:20:00;7,53;8,21;1977,328;36;32,36;948,32;3,77;0,01
06.01.21;15:30:00;7,37;8,27;1984,585;30;27,34;955,28;3,75;0,00
06.01.21;15:40:00;7,81;8,49;2171,718;25;28,03;980,51;3,85;0,00
06.01.21;15:50:00;7,62;8,32;2028,557;34;37,66;960,50;3,70;0,00
06.01.21;16:00:00;7,14;7,59;1540,419;41;31,35;876,78;3,70;0,00
06.01.21;16:10:00;9,81;9,91;4664,908;34;35,30;1145,22;3,46;0,03
06.01.21;16:20:00;8,94;9,68;3263,862;35;37,29;1117,46;3,11;0,04
06.01.21;16:30:00;9,05;9,65;3454,728;29;22,73;1114,79;3,31;0,04
06.01.21;16:40:00;9,29;9,88;3671,050;27;36,77;1141,58;3,23;0,04
06.01.21;16:50:00;7,65;8,30;1999,691;26;18,47;958,35;3,11;0,04
06.01.21;17:00:00;8,11;8,90;2579,355;22;24,15;1028,19;2,99;0,04
06.01.21;17:10:00;7,09;7,77;1632,486;26;25,54;897,75;2,82;0,04
06.01.21;17:20:00;6,95;7,47;1495,479;27;23,27;863,50;3,10;0,01
06.01.21;17:30:00;8,27;9,00;2873,815;24;20,50;1039,91;3,13;0,01
06.01.21;17:40:00;9,56;10,04;4150,604;22;23,32;1159,94;3,13;0,01
06.01.21;17:50:00;9,02;9,60;3319,404;29;21,50;1108,85;3,24;0,01
06.01.21;18:00:00;9,26;9,84;3783,437;22;24,63;1136,02;3,07;0,01
06.01.21;18:10:00;9,05;9,87;3556,850;24;24,81;1140,60;3,06;0,01
06.01.21;18:20:00;9,39;10,00;4025,683;24;23,73;1154,94;3,02;0,05
06.01.21;18:30:00;9,15;9,88;3805,314;27;30,58;1141,39;2,80;0,06
06.01.21;18:40:00;9,17;9,75;3553,376;29;37,83;1125,78;2,98;0,06
06.01.21;18:50:00;8,06;8,70;2360,253;35;38,68;1004,92;3,20;0,06
06.01.21;19:00:00;8,11;8,93;2508,423;32;23,55;1031,76;3,28;0,06
06.01.21;19:10:00;8,09;8,72;2370,823;22;24,76;1006,70;3,11;0,06
06.01.21;19:20:00;7,42;7,91;1815,799;31;42,86;913,39;3,36;0,03
06.01.21;19:30:00;6,17;6,89;1005,252;30;35,07;795,50;3,30;0,18
06.01.21;19:40:00;6,88;7,33;1367,331;35;41,31;847,31;3,50;0,01
06.01.21;19:50:00;7,01;7,56;1505,148;38;40,21;873,97;3,49;0,01
06.01.21;20:00:00;7,47;7,96;1750,317;35;24,75;919,17;3,56;0,01
06.01.21;20:10:00;7,28;7,87;1712,229;35;30,20;909,49;3,74;0,01
06.01.21;20:20:00;7,59;8,10;1859,472;34;26,56;935,96;3,84;0,01
06.01.21;20:30:00;7,89;8,20;1928,367;33;28,76;947,10;3,90;0,01
06.01.21;20:40:00;7,53;8,03;1798,685;29;31,80;927,75;3,82;0,01
06.01.21;20:50:00;6,91;7,73;1594,718;32;35,25;893,00;3,80;0,01
06.01.21;21:00:00;6,92;7,64;1535,737;29;24,39;882,60;3,83;0,01
06.01.21;21:10:00;7,09;7,67;1565,845;24;30,87;886,50;3,83;0,01
06.01.21;21:20:00;6,19;6,81;997,524;32;39,13;787,36;3,83;0,10
06.01.21;21:30:00;6,62;7,16;1196,398;34;31,26;827,58;3,99;0,16
06.01.21;21:40:00;6,78;7,29;1335,652;29;24,20;842,45;4,01;0,00
06.01.21;21:50:00;7,13;7,75;1621,965;23;23,43;895,52;3,99;0,00
06.01.21;22:00:00;7,79;8,35;2030,366;30;28,22;964,78;3,93;0,00
06.01.21;22:10:00;6,64;7,26;1313,756;29;28,47;838,46;3,86;0,00
06.01.21;22:20:00;7,35;7,84;1674,831;29;33,43;905,89;3,70;0,00
06.01.21;22:30:00;6,59;7,11;1220,304;31;38,41;822,09;3,79;0,01
06.01.21;22:40:00;7,08;7,65;1545,061;31;34,49;883,77;3,73;0,00
06.01.21;22:50:00;6,67;7,33;1357,981;32;22,79;846,91;3,75;0,00
06.01.21;23:00:00;6,48;7,12;1209,863;28;26,83;822,24;3,64;0,01
06.01.21;23:10:00;6,64;7,13;1239,947;29;26,22;824,29;3,69;0,01
06.01.21;23:20:00;6,70;7,23;1290,047;32;30,03;834,65;3,69;0,01
06.01.21;23:30:00;6,52;7,10;1195,097;28;21,61;820,49;3,62;0,01
06.01.21;23:40:00;6,26;6,88;1062,244;20;20,77;795,58;3,78;0,04
06.01.21;23:50:00;6,78;7,16;1237,272;19;22,78;826,90;3,70;0,00
07.01.21;00:00:00;6,44;6,95;1114,878;19;33,60;802,92;3,77;0,00
07.01.21;00:10:00;6,38;6,74;966,992;21;24,82;778,85;3,79;0,04
07.01.21;00:20:00;6,70;7,24;1279,758;21;26,78;836,54;3,74;0,01
07.01.21;00:30:00;6,34;6,99;1077,774;21;26,71;807,95;3,77;0,17
07.01.21;00:40:00;5,66;6,57;713,191;31;26,49;759,00;3,73;0,48
07.01.21;00:50:00;4,88;6,48;341,271;30;4,64;748,20;3,97;1,35
07.01.21;01:00:00;5,24;6,52;522,353;18;16,92;753,39;4,01;0,95
07.01.21;01:10:00;5,54;6,48;557,235;18;29,00;748,78;4,04;0,72
07.01.21;01:20:00;5,98;6,57;714,744;24;35,12;758,95;4,14;0,38
07.01.21;01:30:00;5,28;6,48;521,259;29;26,59;748,52;4,06;0,83
07.01.21;01:40:00;5,80;6,49;636,479;29;36,16;749,28;3,92;0,46
07.01.21;01:50:00;5,04;6,47;397,846;32;25,46;748,04;3,86;1,16
07.01.21;02:00:00;4,19;6,48;130,067;19;29,63;748,15;4,18;1,51
07.01.21;02:10:00;4,46;6,48;260,263;24;13,09;748,69;4,22;1,29
07.01.21;02:20:00;4,67;6,47;311,250;14;27,39;747,78;4,18;1,34
07.01.21;02:30:00;5,52;6,50;598,659;21;25,83;751,45;4,18;0,67
07.01.21;02:40:00;6,08;6,54;792,368;21;26,67;756,09;3,96;0,14
07.01.21;02:50:00;5,45;6,49;630,232;21;17,25;749,76;3,96;0,55
07.01.21;03:00:00;4,36;6,48;241,614;21;16,01;748,15;4,01;1,48
07.01.21;03:10:00;5,03;6,48;410,117;21;29,76;748,28;4,13;1,00
07.01.21;03:20:00;5,66;6,58;669,296;11;15,51;760,29;4,11;0,55
07.01.21;03:30:00;6,32;6,68;933,977;9;14,63;771,54;4,11;0,06
07.01.21;03:40:00;6,12;6,58;858,225;17;26,10;760,31;4,21;0,09
07.01.21;03:50:00;6,18;6,70;969,086;20;21,65;773,87;4,23;0,02
07.01.21;04:00:00;5,96;6,62;817,875;27;24,56;764,62;4,25;0,25
07.01.21;04:10:00;5,40;6,49;620,092;24;23,65;749,66;4,28;0,55
07.01.21;04:20:00;5,25;6,49;529,075;23;26,39;749,79;4,34;0,83
07.01.21;04:30:00;6,55;6,96;1105,387;25;50,01;804,23;4,29;0,03
07.01.21;04:40:00;5,06;6,48;470,986;34;18,13;748,33;4,47;0,95
07.01.21;04:50:00;5,52;6,53;602,238;26;37,70;754,24;4,47;0,69
07.01.21;05:00:00;6,36;6,82;1036,362;34;37,46;788,60;4,27;0,05
07.01.21;05:10:00;5,71;6,57;744,941;37;32,75;759,17;4,31;0,38
07.01.21;05:20:00;5,71;6,54;757,734;28;17,95;755,29;4,55;0,27
07.01.21;05:30:00;6,42;6,98;1149,226;22;22,90;806,65;4,55;0,01
07.01.21;05:40:00;6,27;6,79;1017,725;22;25,40;784,85;4,49;0,02
07.01.21;05:50:00;6,29;6,70;982,476;22;24,33;773,91;4,53;0,01
07.01.21;06:00:00;5,83;6,56;803,228;22;20,17;758,01;4,55;0,12
07.01.21;06:10:00;6,14;6,64;851,264;26;22,56;767,18;4,57;0,18
07.01.21;06:20:00;6,67;7,19;1272,354;21;31,96;831,03;4,28;0,01
07.01.21;06:30:00;5,53;6,71;765,803;27;20,42;775,01;4,33;0,56
07.01.21;06:40:00;6,74;7,49;1348,723;30;33,91;865,73;4,57;0,33
07.01.21;06:50:00;5,46;6,57;570,735;33;33,11;758,67;4,35;0,84
07.01.21;07:00:00;5,15;6,49;528,461;28;17,93;749,27;4,68;0,72
07.01.21;07:10:00;6,55;7,19;1224,036;27;30,67;830,40;4,72;0,11
07.01.21;07:20:00;5,58;6,50;616,635;28;32,83;751,06;4,63;0,60
07.01.21;07:30:00;5,87;6,49;710,899;31;37,80;750,13;4,82;0,28
07.01.21;07:40:00;5,31;6,48;511,066;35;42,76;749,03;4,69;0,84
07.01.21;07:50:00;5,96;6,67;882,929;35;41,57;770,46;4,58;0,18
07.01.21;08:00:00;5,80;6,52;771,219;35;35,70;753,72;4,54;0,26
07.01.21;08:10:00;6,28;6,91;1058,764;31;19,05;797,90;4,62;0,09
07.01.21;08:20:00;5,07;6,47;480,652;22;29,64;748,07;4,49;0,96
07.01.21;08:30:00;4,90;6,48;421,626;22;33,87;748,24;4,64;1,16
07.01.21;08:40:00;5,15;6,48;455,739;26;30,52;748,30;4,87;1,00
07.01.21;08:50:00;6,44;7,06;1166,454;23;18,42;816,26;4,67;0,07
07.01.21;09:00:00;5,77;6,49;709,637;22;19,99;749,91;4,60;0,29
07.01.21;09:10:00;6,28;6,76;1016,179;29;49,22;781,05;4,51;0,00
07.01.21;09:20:00;5,17;6,57;555,995;39;44,56;758,68;4,30;0,88
07.01.21;09:30:00;4,41;6,48;231,786;39;47,14;748,27;4,38;1,48
07.01.21;09:40:00;5,50;6,56;621,462;40;39,59;757,48;4,31;0,59
07.01.21;09:50:00;5,15;6,48;509,807;43;36,72;748,53;4,40;0,80
07.01.21;10:00:00;5,26;6,53;571,101;42;43,64;754,83;4,29;0,80
07.01.21;10:10:00;4,46;6,48;315,968;42;38,92;748,84;4,45;1,03
07.01.21;10:20:00;5,48;6,50;598,789;42;41,20;750,73;4,47;0,70
07.01.21;10:30:00;5,22;6,48;450,817;42;51,11;749,10;4,38;1,07
07.01.21;10:40:00;4,89;6,47;400,524;49;44,93;748,08;4,40;1,13
07.01.21;10:50:00;4,85;6,48;397,256;48;36,83;748,65;4,52;1,23
07.01.21;11:00:00;4,96;6,48;489,939;46;48,06;748,70;4,54;0,89
07.01.21;11:10:00;4,58;6,48;304,700;47;56,84;748,33;4,68;1,28
07.01.21;11:20:00;5,51;6,48;571,922;53;48,88;748,63;4,59;0,68
07.01.21;11:30:00;4,88;6,47;344,093;53;72,25;747,82;4,48;1,08
07.01.21;11:40:00;3,00;4,44;-35,567;68;56,83;510,90;4,84;17,21
07.01.21;11:50:00;3,12;0,48;-11,256;67;28,92;67,07;4,94;44,86
07.01.21;12:00:00;3,84;5,68;68,429;52;65,57;657,59;5,18;5,03
07.01.21;12:10:00;3,85;6,48;65,427;58;53,14;748,21;5,24;1,51
07.01.21;12:20:00;4,28;6,48;134,439;52;39,56;748,90;5,19;1,37
07.01.21;12:30:00;5,00;6,48;438,393;45;58,97;748,34;4,94;0,99
07.01.21;12:40:00;4,59;6,47;306,819;59;80,27;748,13;4,75;1,20
07.01.21;12:50:00;5,50;6,48;453,632;63;31,39;748,35;4,78;1,02
07.01.21;13:00:00;3,50;5,48;35,154;28;24,24;630,77;4,90;9,64
07.01.21;13:10:00;4,89;2,94;215,836;38;62,81;342,46;4,85;28,74
07.01.21;13:20:00;5,86;6,51;782,639;48;53,50;752,52;4,49;0,15
07.01.21;13:30:00;5,22;6,48;537,903;48;58,51;748,17;4,50;0,76
07.01.21;13:40:00;4,38;6,48;214,370;55;63,19;748,31;4,65;1,50
07.01.21;13:50:00;5,12;6,50;537,930;56;60,47;750,66;4,55;0,79
07.01.21;14:00:00;5,24;6,48;453,865;56;56,98;748,22;4,60;0,98
07.01.21;14:10:00;4,74;6,47;227,064;58;64,12;747,93;4,51;1,42
07.01.21;14:20:00;4,77;6,48;278,940;57;39,54;748,84;4,69;1,23
07.01.21;14:30:00;3,62;4,44;142,484;49;36,27;510,09;4,61;17,01
07.01.21;14:40:00;2,63;0,28;-10,532;47;345,53;49,93;4,86;45,00
07.01.21;14:50:00;4,70;2,52;146,942;30;64,53;294,48;4,75;31,98
07.01.21;15:00:00;5,67;6,49;677,756;53;49,24;749,72;4,60;0,37
07.01.21;15:10:00;4,93;6,48;446,896;53;51,41;748,73;4,72;1,02
07.01.21;15:20:00;5,43;6,48;572,828;53;54,16;748,28;4,62;0,62
07.01.21;15:30:00;5,66;6,51;703,471;53;53,50;751,92;4,45;0,36
07.01.21;15:40:00;5,22;6,48;481,562;53;59,88;748,23;4,26;0,95
07.01.21;15:50:00;4,54;6,47;264,656;57;68,83;747,93;4,19;1,35
07.01.21;16:00:00;3,63;6,48;36,890;66;69,53;748,01;4,36;1,51
07.01.21;16:10:00;3,66;6,48;55,310;66;62,18;748,21;4,48;1,51
07.01.21;16:20:00;4,04;6,48;161,520;61;59,35;748,48;4,57;1,48
07.01.21;16:30:00;4,57;6,48;256,013;56;63,36;748,24;4,51;1,46
07.01.21;16:40:00;3,99;6,48;131,692;65;67,26;748,14;4,59;1,51
07.01.21;16:50:00;3,92;6,48;94,877;60;56,10;748,38;4,73;1,51
07.01.21;17:00:00;4,09;6,48;143,872;61;65,42;748,44;4,60;1,50
07.01.21;17:10:00;6,11;6,59;777,968;39;38,09;761,14;4,20;0,32
07.01.21;17:20:00;4,36;6,48;245,946;39;38,61;748,24;4,35;1,43
07.01.21;17:30:00;4,26;6,48;202,724;39;41,19;748,57;4,60;1,41
07.01.21;17:40:00;5,10;6,47;448,663;40;46,14;748,03;4,50;1,00
07.01.21;17:50:00;3,71;6,47;94,586;46;52,38;748,02;4,51;1,51
07.01.21;18:00:00;3,43;6,48;42,459;46;51,82;748,28;4,70;1,51
07.01.21;18:10:00;4,27;6,48;245,031;46;50,12;748,70;4,82;1,31
07.01.21;18:20:00;4,90;6,47;372,587;46;47,22;748,12;4,65;1,22
07.01.21;18:30:00;4,72;6,48;299,497;48;56,11;748,64;4,73;1,18
07.01.21;18:40:00;5,22;6,48;430,146;49;53,55;748,18;4,63;1,10
07.01.21;18:50:00;4,41;6,47;207,912;51;64,62;748,09;4,77;1,45
07.01.21;19:00:00;5,18;6,48;491,997;55;28,44;748,53;4,61;0,85
07.01.21;19:10:00;4,60;6,48;303,857;39;50,70;748,12;4,40;1,25
07.01.21;19:20:00;4,27;6,48;246,838;37;34,70;748,31;4,44;1,46
07.01.21;19:30:00;3,41;6,48;55,382;34;14,63;748,25;4,43;1,51
07.01.21;19:40:00;3,93;6,48;151,879;21;21,12;748,32;4,24;1,51
07.01.21;19:50:00;4,50;6,48;248,785;22;34,81;748,34;4,32;1,41
07.01.21;20:00:00;4,08;6,48;292,741;29;32,89;748,34;4,43;1,32
07.01.21;20:10:00;4,72;6,48;331,049;40;43,24;748,35;4,70;1,28
07.01.21;20:20:00;5,47;6,48;602,428;42;39,11;748,56;4,58;0,58
07.01.21;20:30:00;4,74;6,47;314,712;42;45,53;748,11;4,58;1,31
07.01.21;20:40:00;4,15;6,48;196,043;42;44,33;748,70;4,54;1,31
07.01.21;20:50:00;4,56;6,47;272,382;55;32,43;747,98;4,39;1,30
07.01.21;21:00:00;3,93;6,48;110,477;47;59,06;748,35;4,55;1,50
07.01.21;21:10:00;2,96;4,39;-7,975;48;38,99;505,19;4,73;17,61
07.01.21;21:20:00;4,41;2,95;97,279;45;44,26;343,63;4,44;27,29
07.01.21;21:30:00;4,78;6,48;340,391;49;35,42;748,44;4,45;1,32
07.01.21;21:40:00;3,74;6,48;71,576;49;52,30;748,24;4,75;1,49
07.01.21;21:50:00;5,83;6,54;746,173;49;52,33;755,57;4,81;0,29
07.01.21;22:00:00;5,91;6,61;880,799;54;52,45;764,33;4,71;0,08
07.01.21;22:10:00;5,20;6,48;531,192;55;51,13;748,81;4,51;0,80
07.01.21;22:20:00;5,77;6,54;772,954;55;53,00;755,97;4,46;0,19
07.01.21;22:30:00;4,84;6,47;383,076;55;53,23;747,60;4,38;1,10
07.01.21;22:40:00;5,44;6,62;669,148;48;48,75;765,40;4,56;0,53
07.01.21;22:50:00;4,35;6,47;230,864;51;62,34;748,10;4,57;1,44
07.01.21;23:00:00;5,67;6,56;695,618;46;39,36;757,84;4,53;0,49
07.01.21;23:10:00;5,52;6,50;665,034;42;41,13;750,92;4,60;0,42
07.01.21;23:20:00;5,83;6,54;766,518;42;44,63;756,05;4,61;0,24
07.01.21;23:30:00;5,45;6,48;552,463;47;60,06;748,88;4,65;0,75
07.01.21;23:40:00;6,08;6,84;924,582;51;37,64;790,09;4,59;0,31
07.01.21;23:50:00;5,31;6,48;507,752;51;79,37;748,38;4,60;0,84
